Scholarships,3:29,Drake & Future,What a Time To Be Alive,Hip-Hop/Rap,0,228,2015
Childs Play,4:01,Drake,Views,Hip Hop/Rap,0,178,2016
Holdin On,2:34,Flume,Flume,Electronic,0,151,2013
Jumpman,3:26,Drake & Future,What a Time To Be Alive,Hip-Hop/Rap,0,150,2015
Practice,3:58,Drake,Take Care (Deluxe Version),Hip Hop/Rap,1,147,2011
Retro (Rough),3:23,Childish Gambino,Kauai - EP,Hip-Hop/Rap,0,144,2014
Raging (feat. Kodaline),3:44,Kygo,Cloud Nine,Dance,1,142,2016
Get You Good,3:47,Roy Woods,Exis - EP,R&B/Soul,0,142,2015
Cut It (feat. Young Dolph),3:43,O.T. Genasis,Cut It (feat. Young Dolph) - Single,Hip-Hop/Rap,0,140,2015
Deja Vu (feat. Justin Bieber),3:54,Post Malone,Stoney (Deluxe),Hip-Hop/Rap,0,140,2016
All We Know (feat. Phoebe Ryan),3:14,The Chainsmokers,All We Know (feat. Phoebe Ryan) - Single,Dance,0,135,2016
Jungle,5:20,Drake,If You're Reading This It's Too Late,Hip-Hop/Rap,0,133,2015
Diamonds Dancing,5:15,Drake & Future,What a Time To Be Alive,Hip-Hop/Rap,2,130,2015
In My Feelings,3:34,Kevin Gates,Luca Brasi 2: A Gangsta Grillz Special Edition,Hip-Hop/Rap,0,130,2014
Never Be Like You (feat. Kai),3:53,Flume,Skin,Electronic,0,125,2016
Come Thru,3:57,Drake,Nothing Was the Same,Hip Hop/Rap,0,123,2013
Say It (feat. Tove Lo),4:23,Flume,Skin,Electronic,0,118,2016
Summer Sixteen,3:22,Drake,Summer Sixteen - Single,Hip Hop/Rap,0,117,2016
Chilli Peppers (feat. Majid Jordan),2:45,Roy Woods,Nocturnal,R&B/Soul,0,115,2016
Cameras / Good Ones Go Interlude,7:15,Drake,Take Care (Deluxe Version),Hip-Hop/Rap,0,113,2011
Live From the Gutter,3:32,Drake & Future,What a Time To Be Alive,Hip Hop/Rap,0,113,2015
Falling,3:22,Alesso,Falling - Single,Dance,0,111,2017
Stay (feat. Maty Noyes),3:59,Kygo,Cloud Nine,Dance,0,111,2015
Lean On (feat. MØ & DJ Snake),2:57,Major Lazer,Peace Is The Mission,Electronic,0,109,2015
sweet sweet,3:42,Travis Scott,Birds in the Trap Sing McKnight,Hip Hop/Rap,0,109,2016
Pop Style (feat. The Throne),3:29,Drake,Pop Style (feat. The Throne) - Single,Hip-Hop/Rap,2,108,2016
Slide (feat. Frank Ocean & Migos),3:51,Calvin Harris,Funk Wav Bounces Vol. 1,Dance,0,107,2017
She Knows About Me,3:40,Roy Woods,Waking at Dawn,R&B/Soul,0,107,2016
Kanye (feat. sirenxx),3:50,The Chainsmokers,Kanye (feat. sirenxx) - Single,Dance,0,106,2014
goosebumps,4:04,Travis Scott,Birds in the Trap Sing McKnight,Hip-Hop/Rap,0,106,2016
Take Ü There (feat. Kiesza),3:30,Skrillex & Diplo,Skrillex and Diplo Present Jack Ü,Dance,0,104,2014
I Like Tuh (feat. I LOVE MAKONNEN),3:09,Carnage,I Like Tuh (feat. I LOVE MAKONNEN) - Single,Hip-Hop,0,103,2015
Roses (feat. ROZES),3:46,The Chainsmokers,Bouquet - EP,Dance,0,103,2015
Poetic Justice (feat. Drake),5:00,Kendrick Lamar,"good kid, m.A.A.d city (Deluxe Version)",Hip-Hop/Rap,1,103,2012
Like Dat,3:20,Kodak Black,Institution,Hip-Hop/Rap,0,103,2015
Runaway (U & I),3:47,Galantis,Pharmacy,Dance,0,102,2014
Go Go Go,4:06,Roy Woods,Exis - EP,R&B/Soul,0,102,2015
Fake Love,3:31,Drake,More Life,Hip-Hop/Rap,0,100,2016
There for You,3:42,Martin Garrix & Troye Sivan,There for You - Single,Dance,0,100,2017
What You Need,3:16,The Weeknd,Trilogy,R&B/Soul,0,100,2012
My Way,3:39,Calvin Harris,My Way - Single,Dance,0,98,2016
Star67,4:55,Drake,If You're Reading This It's Too Late,Hip Hop/Rap,0,97,2015
Portland (feat. Quavo & Travis Scott),3:57,Drake,More Life,Hip Hop/Rap,0,97,2017
Save a Little Love,3:23,Don Diablo,FUTURE (Deluxe Edition),Dance,0,95,2017
Do It Myself,2:47,Russ,There's Really A Wolf,Hip Hop/Rap,0,95,2015
Electric (feat. Khalid),4:06,Alina Baraz,Electric (feat. Khalid) - Single,Electronic,0,94,2017
Wednesday Night Interlude (feat. PARTYNEXTDOOR),3:32,Drake,If You're Reading This It's Too Late,Hip-Hop/Rap,1,94,2015
Down Girl,2:50,Roy Woods,Waking at Dawn,R&B/Soul,0,94,2016
Sacrifices (feat. Migos),4:47,Big Sean,I Decided.,Hip-Hop/Rap,0,93,2017
Shelter,3:39,Porter Robinson & Madeon,Shelter - Single,Electronic,0,93,2016
Ocean Drive,3:26,Duke Dumont,"Blasé Boys Club, Pt. 1 - EP",Dance,0,92,2015
Do Yoga,3:59,Rae Sremmurd,SremmLife 2 (Deluxe),Hip Hop/Rap,0,92,2016
July Butterflies,3:14,Babylung,Look What You Did,Hip-Hop/Rap,0,91,2017
first take,5:14,Travis Scott,Birds in the Trap Sing McKnight,Hip-Hop/Rap,0,91,2016
Sober (feat. JRY),3:27,DJ Snake,Encore,Dance,0,90,2016
On the Ropes,2:43,Said The Whale,hawaiii,Alternative,0,89,2013
Show Me a Good Time,3:30,Drake,Thank Me Later,Hip-Hop/Rap,0,88,2010
Pop Style,3:33,Drake,Views,Hip-Hop/Rap,0,88,2016
Broccoli (feat. Lil Yachty),3:45,DRAM,Broccoli (feat. Lil Yachty) - Single,Hip-Hop,0,88,2016
Sunrise (feat. Jason Walker),3:35,Kygo,Sunrise (feat. Jason Walker) - Single,Dance,0,88,2017
Don't Let Me Down (feat. Daya) [Illenium Remix],3:39,The Chainsmokers,Don't Let Me Down (feat. Daya) [Remixes] - EP,Dance,0,87,2016
Right Hand,3:11,Drake,Right Hand - Single,Hip-Hop/Rap,0,87,2015
"10,000 Weight in Gold",4:12,The Head and the Heart,Let's Be Still (Deluxe),Alternative,0,87,2013
From Time (feat. Jhene Aiko),5:22,Drake,Nothing Was the Same (Deluxe),Hip-Hop/Rap,0,86,2013
Safe To Say,2:52,Said The Whale,hawaiii,Alternative,0,86,2013
through the late night,4:46,Travis Scott,Birds in the Trap Sing McKnight,Hip-Hop/Rap,0,86,2016
Summer (Extended Mix),4:56,Calvin Harris,Summer (Remixes) - EP,Dance,0,85,2014
So Far Away (feat. Jamie Scott & Romy Dya),3:04,Martin Garrix & David Guetta,So Far Away (feat. Jamie Scott & Romy Dya) - Single,Dance,0,85,2017
A Different Way (feat. Lauv),3:18,DJ Snake,A Different Way (feat. Lauv) - Single,Dance,0,84,2017
Where Ya At (feat. Drake),3:28,Future,DS2 (Deluxe),Hip Hop/Rap,0,84,2015
Swimming Pools (Drank) [Bonus Track],4:08,Kendrick Lamar,"good kid, m.A.A.d city (Deluxe Version)",Hip Hop/Rap,0,84,2013
Anywhere (feat. Will Heard),2:58,Dillon Francis,Anywhere (feat. Will Heard) - Single,Dance,0,83,2016
Tell Your Friends,5:34,The Weeknd,Beauty Behind the Madness,R&B/Soul,0,83,2015
SAD!,2:47,XXXTENTACION,?,Pop,0,83,2018
Still Here,3:10,Drake,Views,Hip-Hop/Rap,0,82,2016
T-Shirt,4:02,Migos,Culture,Hip-Hop,0,82,2017
Mother,3:13,Said The Whale,hawaiii,Alternative,0,82,2013
You Love It,3:06,Roy Woods,Waking at Dawn,R&B/Soul,0,81,2016
Gettin' Old,3:35,6LACK,FREE 6LACK,R&B/Soul,0,81,2016
Moves,2:23,Big Sean,I Decided.,Hip-Hop/Rap,0,80,2016
Backseat Freestyle,3:33,Kendrick Lamar,"good kid, m.A.A.d city (Deluxe Version)",Hip-Hop/Rap,0,80,2012
Hold On & Believe (feat. The Federal Empire),3:54,Martin Garrix,Seven - EP,Dance,0,80,2016
Let Me Love You (feat. Justin Bieber),3:26,DJ Snake,Encore,Dance,0,79,2016
Say It,3:58,Tory Lanez,I Told You (Deluxe Edition),Hip-Hop/Rap,0,79,2015
YOSEMITE,2:30,Travis Scott,ASTROWORLD,Hip-Hop/Rap,0,79,2018
Impossible,4:03,Travis Scott,Rodeo (Deluxe),Hip Hop/Rap,0,79,2015
Sober,4:12,Childish Gambino,Kauai,Hip-Hop/Rap,0,78,2014
Real Friends,4:12,Kanye West,The Life of Pablo,Hip-Hop/Rap,0,78,2016
Dreamcatcher (feat. Swae Lee & Travis Scott),3:32,Metro Boomin,NOT ALL HEROES WEAR CAPES,Hip-Hop/Rap,0,78,2018
The Wave,2:38,R3HAB & Lia Marie Johnson,The Wave - Single,Pop,0,78,2018
Lullaby,2:40,R3HAB & Mike Williams,Lullaby - Single,Dance,0,78,2018
way back,4:33,Travis Scott,Birds in the Trap Sing McKnight,Hip Hop/Rap,0,78,2016
"III. Telegraph Ave. (""Oakland"" by Lloyd)",3:31,Childish Gambino,Because the Internet,Hip-Hop/Rap,0,77,2013
Stay Open (feat. MØ),3:31,Diplo,Stay Open (feat. MØ) - Single,Dance,0,77,2018
Scared to Be Lonely,3:41,Martin Garrix & Dua Lipa,Scared to Be Lonely - Single,Dance,0,77,2017
Gwan Big up Urself,3:20,Roy Woods,Waking at Dawn,R&B/Soul,0,77,2016
Live For (feat. Drake),3:44,The Weeknd,Kiss Land,R&B/Soul,0,77,2013
Best Friend,3:33,Young Thug,Best Friend - Single,Hip-Hop,0,77,2015
Heroes (we could be) [feat. Tove Lo],3:32,Alesso,Forever,Dance,0,76,2014
Take My Breath Away,3:09,Alesso,Take My Breath Away - Single,Dance,0,76,2016
God's Plan,3:19,Drake,Scorpion,Hip-Hop/Rap,0,76,2018
She's a Riot,3:39,The Jungle Giants,She's a Riot - EP,Alternative,0,76,2012
One Night,4:03,Lil Yachty,Lil Boat,Hip-Hop/Rap,0,76,2015
White Iverson,4:17,Post Malone,Stoney (Deluxe),Hip-Hop/Rap,0,76,2015
Good Drank (feat. Gucci Mane & Quavo),3:45,2 Chainz,Pretty Girls Like Trap Music,Hip-Hop/Rap,0,76,2016
FaceTime,3:59,21 Savage,Issa Album,Hip-Hop/Rap,0,76,2017
Under Control (feat. Hurts),3:04,Calvin Harris & Alesso,Motion,Dance,0,75,2013
Remind Me to Forget,3:36,Kygo & Miguel,Remind Me to Forget - Single,Dance,0,75,2018
A-Team,2:57,Travis Scott,A-Team - Single,Hip Hop/Rap,0,75,2016
Can't Feel My Face,3:34,The Weeknd,Beauty Behind the Madness,R&B/Soul,0,75,2015
Starboy (feat. Daft Punk),3:50,The Weeknd,Starboy,R&B/Soul,0,75,2016
Let Me Love You (feat. Justin Bieber) [Tiësto's AFTR:HRS Mix],2:36,DJ Snake & Tiësto,Let Me Love You (feat. Justin Bieber) [Tiësto's AFTR:HRS Mix] - Single,Dance,0,74,2016
Uber Everywhere (feat. Travis Scott),3:01,MadeinTYO,You Are Forgiven,Hip-Hop/Rap,0,74,2016
Spotless,3:15,Martin Garrix & Jay Hardway,Seven - EP,Dance,0,74,2016
Love$ick (feat. A$AP Rocky),3:12,Mura Masa,Mura Masa,Electronic,0,74,2016
Islands,3:12,R3hab & KSHMR,Islands - Single,Dance,0,74,2017
Instinct (feat. MadeinTYO),2:54,Roy Woods,Nocturnal - EP,R&B/Soul,0,74,2016
Find Your Love,3:29,Drake,Thank Me Later,Hip-Hop/Rap,0,73,2010
Little Bit,3:51,Drake,,,0,73,
Chanel,3:30,Frank Ocean,Chanel - Single,Pop,0,73,2017
Immortal,3:20,J. Cole,4 Your Eyez Only,Hip-Hop/Rap,0,73,2016
Money Trees (feat. Jay Rock),6:27,Kendrick Lamar,"good kid, m.A.A.d city (Deluxe Version)",Hip-Hop/Rap,0,73,2012
Ritual (feat. Wrabel),3:57,Marshmello,Ritual (feat. Wrabel) - Single,Dance,0,73,2016
Sun Is Never Going Down (feat. Dawn Golden),3:24,Martin Garrix,Seven - EP,Dance,0,73,2016
Reminder,3:39,The Weeknd,Starboy,R&B/Soul,0,73,2016
Voices In My Head / Stick To the Plan,4:02,Big Sean,I Decided.,Hip-Hop/Rap,0,72,2017
Summer,3:43,Calvin Harris,Motion,Dance,0,72,2014
Take a Chance (feat. Little Dragon),5:29,Flume,Skin,Electronic,0,72,2016
Unforgettable (feat. Swae Lee),3:54,French Montana,Jungle Rules,Hip-Hop/Rap,0,72,2017
Tempted,3:42,Jazz Cartier,Tempted - Single,Hip Hop/Rap,0,72,2017
Congratulations (feat. Quavo),3:40,Post Malone,Stoney (Deluxe),Hip-Hop/Rap,0,72,2016
Love You,3:18,Roy Woods,Nocturnal,R&B/Soul,0,72,2016
Traphouse (feat. NYCE),4:16,Tory Lanez,Traphouse (feat. NYCE) - Single,Hip Hop/Rap,0,72,2016
Signs,3:54,Drake,Signs - Single,Hip-Hop/Rap,0,71,2017
Kevin's Heart,3:20,J. Cole,KOD,Hip-Hop/Rap,0,71,2018
Drip Too Hard,2:26,Lil Baby & Gunna,Drip Harder,Hip-Hop/Rap,0,71,2018
Wiee (feat. MESTO),3:23,Martin Garrix,Seven - EP,Dance,0,71,2016
"Drinks On Us (feat. The Weeknd, Swae Lee & Future)",5:11,Mike Will Made-It,"Drinks On Us (feat. The Weeknd, Swae Lee & Future) - Single",Hip Hop/Rap,0,71,2015
Willow,3:44,Said the Whale,hawaiii,Alternative,0,71,2013
Collard Greens (feat. Kendrick Lamar),5:00,ScHoolboy Q,Oxymoron,Hip-Hop/Rap,0,71,2013
pick up the phone,4:12,Travis Scott & Young Thug,Birds in the Trap Sing McKnight,Hip-Hop/Rap,0,71,2016
Own It,4:12,Drake,Nothing Was the Same,Hip Hop/Rap,0,70,2013
Used to Be in Love,3:43,The Jungle Giants,Quiet Ferocity,Alternative,0,70,2017
Vertigo (feat. Caroline Pennell),2:57,DOLF & Yellow Claw,Vertigo (feat. Caroline Pennell) - Single,Dance,0,69,2017
Narrows,3:30,Said the Whale,hawaiii,Alternative,0,69,2013
Often,4:09,The Weeknd,Beauty Behind the Madness,R&B/Soul,0,69,2015
Sidewalks (feat. Kendrick Lamar),3:51,The Weeknd,Starboy,R&B/Soul,0,69,2016
All Falls Down,3:19,"Alan Walker, Noah Cyrus & Digital Farm Animals",All Falls Down - Single,Dance,0,68,2017
Floating (feat. Khalid),2:54,Alina Baraz,The Color of You,R&B/Soul,0,68,2018
4422 (feat. Sampha),3:06,Drake,More Life,Hip-Hop/Rap,0,68,2017
Gyalchester,3:09,Drake,More Life,Hip Hop/Rap,0,68,2017
Together,3:41,Martin Garrix & Matisse & Sadko,Seven,Dance,0,68,2016
Some Way (feat. The Weeknd),3:00,NAV,NAV,Hip-Hop/Rap,0,68,2017
CAN'T SAY,3:18,Travis Scott,ASTROWORLD,Hip-Hop/Rap,0,68,2018
Earned It (Fifty Shades of Grey),4:38,The Weeknd,Beauty Behind the Madness,R&B/Soul,0,68,2015
I Like Me Better,3:17,Lauv,I Like Me Better - Single,Pop,0,67,2017
wonderful,3:37,Travis Scott,Birds in the Trap Sing McKnight,Hip-Hop/Rap,0,67,2016
Six Feet Under,3:58,The Weeknd,Starboy,R&B/Soul,0,67,2016
HUMBLE.,2:57,Kendrick Lamar,HUMBLE. - Single,Hip Hop/Rap,0,66,2017
Wake up Call,3:54,Manila Killa & Mansionair,Wake up Call - Single,Electronic,0,66,2018
Peanut Butter Jelly,3:24,Galantis,Pharmacy,Dance,0,65,2015
Mind (feat. Kai),4:02,Skrillex & Diplo,Skrillex and Diplo Present Jack Ü,Dance,0,65,2015
Good Day (feat. DJ Snake & Elliphant),3:48,Yellow Claw,Los Amsterdam,Dance,0,65,2017
Paris,3:42,The Chainsmokers,Memories...Do Not Open,Dance,0,64,2017
I Want (feat. 2 Chainz),3:53,MadeinTYO,You Are Forgiven,Hip-Hop/Rap,0,64,2016
Boy Oh Boy,2:54,Diplo & GTA,Boy Oh Boy - Single,Dance,0,63,2013
Side N***a,3:30,Kodak Black,Painting Pictures,Hip-Hop,0,63,2017
The Hills,4:02,The Weeknd,Beauty Behind the Madness,R&B/Soul,0,63,2015
Ex Calling,3:32,6LACK,Hip Hop Hit List (Vol. 2),R&B/Soul,0,63,2016
Bad Guy,2:49,21 Savage & Metro Boomin,Savage Mode,Rap,0,63,2016
Feel No Ways,4:01,Drake,Views,Hip-Hop/Rap,0,62,2016
KOD,3:11,J. Cole,KOD,Hip-Hop/Rap,0,62,2018
Motiv8,2:14,J. Cole,KOD,Hip-Hop/Rap,0,62,2018
Are We Faded,2:54,Keys N Krates,Are We Faded - Single,Electronic,0,62,2014
Russian Cream,2:37,Roy Woods,Russian Cream - Single,Hip Hop/Rap,0,62,2018
BUTTERFLY EFFECT,3:11,Travis Scott,ASTROWORLD,Hip-Hop/Rap,0,62,2017
Sneakin' (feat. 21 Savage),4:11,Drake,Sneakin' (feat. 21 Savage) - Single,Hip Hop/Rap,0,61,2016
Good for It,2:39,NAV,NAV,Hip Hop/Rap,0,61,2017
Monday to Monday,4:33,Roy Woods,Say Less,R&B/Soul,0,61,2017
A Lonely Night,3:40,The Weeknd,Starboy,R&B/Soul,0,61,2016
"RAF (feat. A$AP Rocky, Playboi Carti, Quavo, Lil Uzi Vert & Frank Ocean)",4:15,A$AP Mob,"RAF (feat. A$AP Rocky, Playboi Carti, Quavo, Lil Uzi Vert & Frank Ocean) - Single",Hip-Hop/Rap,0,60,2017
"Same Time, Pt. 1 (feat. TWENTY88)",1:30,Big Sean,I Decided.,Hip-Hop/Rap,0,60,2017
Why They Call You Kodak,3:34,Kodak Black,Painting Pictures,Hip-Hop,0,60,2017
Believer,3:43,Major Lazer & Showtek,Believer - Single,Dance,0,60,2016
Take Time (feat. 24Hrs),3:24,Roy Woods,Say Less,R&B/Soul,0,60,2017
Something New,3:34,Roy Woods,Say Less,R&B/Soul,0,60,2017
Savage Mode,4:10,21 Savage & Metro Boomin,Savage Mode,Rap,0,60,2016
Until You Were Gone (feat. Emily Warren),3:37,The Chainsmokers & Tritonal,Bouquet - EP,Dance,0,59,2015
Need You,3:17,Dillon Francis & NGHTMRE,Need You - Single,Dance,0,59,2016
Too Much,4:22,Drake,Nothing Was the Same,Hip-Hop/Rap,0,59,2013
Ratchet Happy Birthday,3:27,Drake,Scorpion,Hip-Hop/Rap,0,59,2018
Both (feat. Drake),3:10,Gucci Mane,The Return of East Atlanta Santa,Hip-Hop/Rap,0,59,2016
Ghost,3:21,Jauz & GG Magree,"Off the Deep End, Vol. 1",Dance,0,59,2017
Dead Or Alive,3:15,Jazz Cartier,Dead Or Alive - Single,Hip-Hop/Rap,0,59,2015
Location,3:39,Khalid,American Teen,R&B/Soul,0,59,2016
Alone,4:34,Marshmello,Alone - Single,Dance,0,59,2016
It’s Only (feat. Zyra),4:28,ODESZA,In Return,Electronic,0,59,2014
Rockin’,3:53,The Weeknd,Starboy,R&B/Soul,0,59,2016
High You Are (Branchez Remix),3:33,What So Not,High You Are Remixes - EP,Dance,0,59,2013
For a Better Day,3:26,Avicii,Stories,Dance,0,58,2015
bitches broken hearts,2:56,Billie Eilish,bitches broken hearts - Single,Alternative,0,58,2017
Broken Summer (feat. Max Frost),3:04,DJ Snake,Broken Summer (feat. Max Frost) - Single,Dance,0,58,2017
Drowning (feat. Akylla),3:50,Excision,Virus,Dance,0,58,2016
It Ain't Me,3:41,Kygo & Selena Gomez,It Ain't Me - Single,Dance,0,58,2017
92 Explorer,3:31,Post Malone,beerbongs & bentleys,Hip-Hop/Rap,0,58,2018
To Ü (feat. AlunaGeorge),3:57,Skrillex & Diplo,Skrillex and Diplo Present Jack Ü,Dance,0,58,2015
Echoes of Silence,4:02,The Weeknd,Trilogy,R&B/Soul,0,58,2011
Still Brazy,3:23,YG,Still Brazy (Deluxe),Hip Hop/Rap,0,58,2016
Save You,3:59,Kodak Black,Painting Pictures,Hip-Hop,0,57,2017
"Know No Better (feat. Travis Scott, Camila Cabello & Quavo)",3:46,Major Lazer,Know No Better - EP,Electronic,0,57,2017
Welcome,3:05,Martin Garrix & Julian Jordan,Seven - EP,Dance,0,57,2016
More Than You Know,3:23,Axwell Λ Ingrosso,More Than You Know - EP,Dance,0,56,2017
Might Not (feat. The Weeknd),3:46,Belly,Might Not (feat. The Weeknd) - Single,Hip-Hop/Rap,0,56,2015
Middle (feat. Bipolar Sunshine),3:41,DJ Snake,Encore,Dance,0,56,2015
Since Way Back (feat. PARTYNEXTDOOR),6:08,Drake,More Life,Hip-Hop/Rap,0,56,2017
Want Her (feat. Quavo & YG),4:36,Mustard,Want Her (feat. Quavo & YG) - Single,Hip-Hop/Rap,0,56,2016
Waiting,3:56,"RL Grime, What So Not & Skrillex",Waiting - Single,Downtempo,0,56,2016
Some Time,3:17,Russ,Some Time - Single,Hip-Hop/Rap,0,56,2018
Get Low,3:33,Dillon Francis & DJ Snake,"Money Sucks, Friends Rule",Dance,0,55,2014
Sacrifices (feat. 2 Chainz & Young Thug),5:08,Drake,More Life,Hip-Hop/Rap,0,55,2017
0 To 100 / The Catch Up,4:35,Drake,0 To 100 / The Catch Up - Single,Hip-Hop/Rap,0,55,2014
"Bam (feat. Damian ""Jr. Gong"" Marley)",3:55,JAY-Z,4:44,Hip-Hop/Rap,0,55,2017
You've Got Something,3:46,The Jungle Giants,She's a Riot - EP,Alternative,0,55,2012
Mona Lisa (feat. Kendrick Lamar),5:24,Lil Wayne,Tha Carter V,Hip-Hop/Rap,0,55,2018
Catch Me (feat. Naaz),2:42,Yellow Claw & Flux Pavilion,Blood For Mercy,Dance,0,55,2015
Who Do You Love? (feat. Drake),3:54,YG,My Krazy Life (Deluxe Version),Hip Hop/Rap,0,55,2014
Blem,3:37,Drake,More Life,Hip-Hop/Rap,0,54,2017
Modern Slavery,2:29,"HUNCHO JACK, Travis Scott & Quavo","Huncho Jack, Jack Huncho",Hip-Hop/Rap,0,54,2017
Neighbors,3:37,J. Cole,4 Your Eyez Only,Hip Hop/Rap,0,54,2016
Cold Water (feat. Justin Bieber & MØ),3:05,Major Lazer,Cold Water (feat. Justin Bieber & MØ) - Single,Pop,0,54,2016
Ocean (feat. Khalid),3:36,Martin Garrix,Ocean (feat. Khalid) - Single,Dance,0,54,2018
Say My Name (feat. Zyra),4:23,ODESZA,In Return,Electronic,0,54,2014
Losin Control,3:58,Russ,There's Really A Wolf,Hip Hop/Rap,0,54,2015
Febreze (feat. 2 Chainz),3:34,Skrillex & Diplo,Skrillex and Diplo Present Jack Ü,Dance,0,54,2015
Luv,3:49,Tory Lanez,I Told You (Deluxe Edition),R&B/Soul,0,54,2016
Pick up the Phone (feat. Quavo),4:12,Young Thug & Travis Scott,Pick up the Phone (feat. Quavo) - Single,Hip-Hop/Rap,0,54,2016
Passionfruit,4:59,Drake,More Life,Hip-Hop/Rap,0,53,2017
Furthest Thing,4:27,Drake,Nothing Was the Same (Deluxe),Hip-Hop/Rap,0,53,2013
No Money,3:09,Galantis,No Money - Single,Dance,0,53,2016
Up,3:20,NAV,NAV,Hip-Hop/Rap,0,53,2017
New York City,3:51,The Chainsmokers,Bouquet - EP,Dance,0,52,2015
Cutting Shapes,2:59,Don Diablo,Cutting Shapes - Single,Dance,0,52,2016
This Girl,3:16,Kungs & Cookin' On 3 Burners,Layers,Dance,0,52,2016
In the Name of Love (DallasK Remix),3:21,Martin Garrix & Bebe Rexha,In the Name of Love Remixes - Single,Dance,0,52,2016
Make Up Your Mind,3:16,Martin Garrix & Florian Picasso,Seven - EP,Dance,0,52,2016
Guatemala (From Swaecation),4:16,"Rae Sremmurd, Swae Lee & Slim Jxmmi",SR3MM,Hip-Hop/Rap,0,52,2018
Attention,3:18,The Weeknd,Starboy,R&B/Soul,0,52,2016
The Morning,5:16,The Weeknd,Trilogy,R&B/Soul,0,52,2011
Moonlight,2:15,XXXTENTACION,?,Pop,0,52,2018
I Wanna Know (feat. Nico & Vinz),4:00,Alesso,I Wanna Know (feat. Nico & Vinz) - Single,Dance,0,51,2016
Get It Right (feat. MØ),2:53,Diplo,Get It Right (feat. MØ) - Single,Electronic,0,51,2017
Crew (feat. Brent Faiyaz & Shy Glizzy),2:56,GoldLink,At What Cost,Hip-Hop/Rap,0,51,2016
DNA.,3:06,Kendrick Lamar,DAMN.,Hip-Hop/Rap,0,51,2017
Top Off Benz (feat. Young Thug),4:03,Kodak Black,Painting Pictures,Hip-Hop,0,51,2017
Last to Leave (feat. Caroline Ailin),3:00,Louis The Child,Last to Leave (feat. Caroline Ailin) - Single,Electronic,0,51,2017
Ordinary Life,3:42,The Weeknd,Starboy,R&B/Soul,0,51,2016
Family Don't Matter (feat. Millie Go Lightly),4:55,Young Thug,BEAUTIFUL THUGGER GIRLS,Hip Hop/Rap,0,51,2017
Frontlines (feat. GG Magree),3:35,Zeds Dead & NGHTMRE,Northern Lights,Dance,0,51,2016
Tear the Roof Up,3:16,Alesso,Forever,Dance,0,50,2014
Caroline,3:30,Aminé,Good For You,Hip-Hop/Rap,0,50,2016
Redbone,5:27,Childish Gambino,"Awaken, My Love!",R&B/Soul,0,50,2016
Controlla,4:05,Drake,Views,Hip-Hop/Rap,0,50,2016
Keep It 100,3:34,Grandtheft & Keys N Krates,Keep It 100 - Single,Dance,0,50,2014
DUCKWORTH.,4:09,Kendrick Lamar,DAMN.,Hip-Hop/Rap,0,50,2017
Gucci Gang,2:04,Lil Pump,Lil Pump,Hip-Hop/Rap,0,50,2017
Culture (feat. DJ Khaled),2:34,Migos,Culture,Hip-Hop,0,50,2017
Dangerous,3:21,Roy Woods,Nocturnal,R&B/Soul,0,50,2016
Say Less,3:07,Roy Woods,Say Less,R&B/Soul,0,50,2017
COFFEE BEAN,3:29,Travis Scott,ASTROWORLD,Hip-Hop/Rap,0,50,2018
changes,2:02,XXXTENTACION,?,Pop,0,50,2018
Where the Wild Things Are,4:59,Zeds Dead & Illenium,Where the Wild Things Are - Single,Dance,0,50,2017
Wonder (feat. The Kite String Tangle),4:51,Adventure Club,Calling All Heroes - EP,Dance,0,49,2013
Owe Me,4:32,Big Sean,I Decided.,Hip-Hop/Rap,0,49,2017
Sunday Morning Jetpack (feat. The-Dream),3:45,Big Sean,I Decided.,Hip-Hop/Rap,0,49,2017
Living Single (feat. Chance the Rapper & Jeremih),4:36,Big Sean,Living Single (feat. Chance the Rapper & Jeremih) - Single,Hip-Hop/Rap,0,49,2016
Under Control (feat. Hurts),3:04,Calvin Harris & Alesso,Under Control (feat. Hurts) - Single,Dance,0,49,2013
How Deep Is Your Love,3:32,Calvin Harris & Disciples,How Deep Is Your Love - Single,Dance,0,49,2015
No Long Talk (feat. Giggs),2:30,Drake,More Life,Hip-Hop/Rap,0,49,2017
Rich Boy,3:04,Galantis,Rich Boy - Single,Dance,0,49,2017
High for Hours,4:11,J. Cole,High for Hours - Single,Hip-Hop/Rap,2,49,2017
Four Seasons,3:09,Roy Woods,Nocturnal,R&B/Soul,0,49,2016
The Zone (feat. Drake),6:59,The Weeknd,Trilogy,R&B/Soul,0,49,2011
Good Nights (feat. Mascolo),2:46,Whethan,Good Nights (feat. Mascolo) - Single,Electronic,0,49,2017
I Be On (feat. 21 Savage),3:28,YG,Red Friday,Hip-Hop/Rap,0,49,2016
Ocean Drive,3:48,21 Savage & Metro Boomin,Savage Mode,Rap,0,49,2016
"The Half (feat. Jeremih, Young Thug & Swizz Beatz)",3:37,DJ Snake,Encore,Dance,0,48,2016
Best I Ever Had,4:19,Drake,20 #1's: Modern Hip-Hop,Hip-Hop/Rap,0,48,2009
With You (feat. Madi),4:36,Excision,Virus,Dance,0,48,2016
Love On Me (CID Remix),3:11,Galantis & Hook N Sling,Love On Me (Remixes) - EP,Dance,0,48,2016
Forget It (feat. Oliver Tree),3:33,Getter,Radical Dude! - EP,Dance,0,48,2016
Ni**as in Paris,3:39,JAY-Z & Kanye West,Watch the Throne (Deluxe),Hip-Hop/Rap,0,48,2011
iSpy (feat. Lil Yachty),4:12,KYLE,Light of Mine,Hip-Hop/Rap,0,48,2016
Notice Me (feat. Post Malone),3:54,Migos,Culture II,Hip-Hop/Rap,0,48,2018
In the Club,3:15,Roy Woods,Say Less,R&B/Soul,0,48,2017
Loft Music,6:04,The Weeknd,Trilogy,R&B/Soul,0,48,2012
Happy Now,3:27,Zedd & Elley Duhé,Happy Now - Single,Dance,0,48,2018
Can't Take a Joke,2:44,Drake,Scorpion,Hip-Hop/Rap,0,47,2018
Gold (Stupid Love) [feat. Shallows],4:56,Excision & Illenium,Gold (Stupid Love) [feat. Shallows] - Single,Dubstep,0,47,2018
ELEMENT.,3:29,Kendrick Lamar,DAMN.,Hip-Hop/Rap,0,47,2017
Bad and Boujee (feat. Lil Uzi Vert),5:43,Migos,Culture,Hip-Hop,0,47,2017
Versace (feat. Drake) [Remix],4:06,Migos,Versace (feat. Drake) [Remix] - Single,Hip-Hop/Rap,0,47,2013
Just Hold On,3:19,Steve Aoki & Louis Tomlinson,Just Hold On - Single,Dance,0,47,2016
Touch (feat. Carly Paige),3:26,3LAU,Ultraviolet,Electronic,0,47,2018
Waiting For Love,3:51,Avicii,Stories,Dance,0,46,2015
Feel Your Love (feat. Jamie Lewis),3:45,Flux Pavilion & NGHTMRE,Feel Your Love (feat. Jamie Lewis) - Single,Dance,0,46,2016
Feel It (feat. Tunji Ige),3:35,Good Times Ahead & What So Not,Good Times Ahead,Dance,0,46,2016
YAH.,2:40,Kendrick Lamar,DAMN.,Hip-Hop/Rap,0,46,2017
Walk It Talk It (feat. Drake),4:36,Migos,Culture II,Hip-Hop/Rap,0,46,2018
Wanted You (feat. Lil Uzi Vert),3:48,NAV,Wanted You (feat. Lil Uzi Vert) - Single,Hip-Hop/Rap,0,46,2017
Little Bit of Lovin,2:53,Roy Woods,Say Less,R&B/Soul,0,46,2017
Bangarang (feat. Sirah),3:35,Skrillex,Bangarang,Dance,0,46,2011
Plain Jane,2:54,A$AP Ferg,Still Striving,Hip-Hop/Rap,0,45,2017
Inspire Me,3:28,Big Sean,I Decided.,Hip-Hop/Rap,0,45,2017
Too Much Sauce (feat. Future & Lil Uzi Vert),3:43,DJ ESCO,Too Much Sauce (feat. Future & Lil Uzi Vert) - Single,Hip-Hop/Rap,0,45,2016
The Heart Part 4,4:49,Kendrick Lamar,The Heart Part 4 - Single,Hip-Hop/Rap,0,45,2017
U Ain't Never,3:30,Kodak Black,Painting Pictures,Hip-Hop,0,45,2017
Sky Walker (feat. Travis Scott),4:20,Miguel,Sky Walker (feat. Travis Scott) - Single,R&B/Soul,0,45,2017
Clear (Rezz Remix),3:57,No Mana & Zashanell,Clear (Rezz Remix) - Single,Dance,0,45,2017
rockstar (feat. 21 Savage),3:38,Post Malone,beerbongs & bentleys,Hip-Hop/Rap,0,45,2017
What They Want,2:46,Russ,What They Want - Single,Hip-Hop/Rap,0,45,2015
I Feel It Coming (feat. Daft Punk),4:29,The Weeknd,Starboy,R&B/Soul,0,45,2016
Bless Me,4:21,6LACK,Bless Me - Single,R&B/Soul,0,45,2016
Faded (Tiesto's Northern Lights Remix),4:10,Alan Walker,Faded (Remixes) - EP,Dance,0,44,2016
Take Her Place (feat. A R I Z O N A),3:30,Don Diablo,Take Her Place (feat. A R I Z O N A) - Single,Dance,0,44,2017
The Motto (feat. Lil Wayne) [Bonus Track],3:02,Drake,Take Care (Deluxe Version),Hip-Hop/Rap,0,44,2011
Grammys (feat. Future),3:40,Drake,Views,Hip-Hop/Rap,0,44,2016
Ur on My Mind,3:31,DVBBS,Ur on My Mind - Single,Dance,0,44,2016
Not Going Home (feat. Gia Koka),3:15,DVBBS & CMC$,Beautiful Disaster - EP,Dance,0,44,2016
Japan,2:24,Famous Dex,Japan - Single,Hip-Hop/Rap,0,44,2018
Feel Good (feat. Daya),4:08,Gryffin & Illenium,Feel Good (feat. Daya) - Single,Dance,0,44,2017
Icon,3:41,Jaden,SYRE,Hip-Hop/Rap,0,44,2017
King Kunta,3:55,Kendrick Lamar,To Pimp a Butterfly,Hip-Hop/Rap,0,44,2015
No Complaints (feat. Offset & Drake) [Bonus],4:25,Metro Boomin,NOT ALL HEROES WEAR CAPES (Deluxe),Hip-Hop/Rap,0,44,2017
Line of Sight (feat. WYNNE & Mansionair),3:57,ODESZA,Line of Sight (feat. WYNNE & Mansionair) - Single,Electronic,0,44,2017
Natural Blues,3:25,Showtek & Moby,Big Room,Dance,0,44,2015
Arms Around You (feat. Maluma & Swae Lee),3:19,XXXTENTACION & Lil Pump,Arms Around You (feat. Maluma & Swae Lee) - Single,Hip-Hop/Rap,0,44,2018
Faded,3:33,Alan Walker,Faded - Single,Dance,0,43,2015
Get It Right (feat. MØ),2:53,Diplo,Major Lazer Presents: Give Me Future (Music From & Inspired by the Film),Soundtrack,0,43,2017
Nice For What,3:31,Drake,Scorpion,Hip-Hop/Rap,0,43,2018
Tuesday (feat. Drake),5:22,iLoveMakonnen,I LOVE MAKONNEN,Hip-Hop,0,43,2014
8TEEN,3:49,Khalid,American Teen,R&B/Soul,0,43,2017
Off the Land,3:46,Kodak Black,Painting Pictures,Hip-Hop,0,43,2017
Feeling Like (feat. Jeezy),3:48,Kodak Black,Painting Pictures,Hip-Hop,0,43,2017
Ain't Nobody Takin My Baby,3:09,Russ,Ain't Nobody Takin My Baby - Single,Hip-Hop/Rap,0,43,2016
Yung God,2:48,Russ,Yung God - Single,Hip-Hop/Rap,0,43,2016
Jungle Bae (feat. Bunji Garlin),3:28,Skrillex & Diplo,Skrillex and Diplo Present Jack Ü,Dance,0,43,2015
Adieu,1:41,What So Not,Divide & Conquer,Electronic,0,43,2016
That Far,3:06,6LACK,That Far - Single,R&B/Soul,0,43,2017
Pizza,2:14,Anti Up,Pizza - Single,Dance,0,42,2018
Something Just Like This,4:07,The Chainsmokers & Coldplay,Memories...Do Not Open,Dance,0,42,2017
Help Me Lose My Mind (feat. London Grammar),4:04,Disclosure,Settle,Electronic,0,42,2013
Her (feat. Dion Timmer),4:10,Excision,Virus,Dance,0,42,2016
A Lie (feat. The Weeknd & Max B),3:47,French Montana,Jungle Rules,Hip-Hop/Rap,0,42,2017
I Get the Bag (feat. Migos),3:53,Gucci Mane,Mr. Davis,Hip-Hop/Rap,0,42,2017
DEVASTATED,3:27,Joey Bada$$,ALL-AMERIKKKAN BADA$$,Hip Hop/Rap,0,42,2016
Stronger,5:12,Kanye West,Graduation,Hip-Hop/Rap,0,42,2007
LOVE. (FEAT. ZACARI.),3:33,Kendrick Lamar,DAMN.,Hip-Hop/Rap,0,42,2017
Patty Cake,3:18,Kodak Black,Painting Pictures,Hip-Hop,0,42,2017
Gud Vibrations,3:44,NGHTMRE & SLANDER,Gud Vibrations - Single,Dance,0,42,2016
Take Ü There (feat. Kiesza) [Missy Elliott Remix] [Bonus Track],3:30,Skrillex & Diplo,Skrillex and Diplo Present Jack Ü,Dance,0,42,2015
Re Up (feat. NAV),4:19,Belly,Inzombia,Hip-Hop/Rap,0,41,2016
Found You (feat. Bully Songs),3:10,Don Diablo,FUTURE (Deluxe Edition),Dance,0,41,2018
Throwin' Elbows (feat. Space Laces),3:02,Excision,Virus,Dance,0,41,2016
Mercy (feat. What So Not & Two Feet),3:41,MØ,Forever Neverland,Pop,0,41,2018
All We Need (feat. Shy Girls),3:31,ODESZA,In Return,Electronic,0,41,2014
Won't Stop Rocking,3:08,R3hab & Headhunterz,Won't Stop Rocking - Single,Dance,0,41,2015
Top Left,2:58,Roy Woods,Say Less,R&B/Soul,0,41,2017
monster,3:53,21 Savage,i am > i was,Hip-Hop/Rap,0,41,2018
Blessings (Extended Version) [feat. Drake & Kanye West],5:02,Big Sean,Blessings (Extended Version) [feat. Drake & Kanye West] - Single,Hip-Hop/Rap,0,40,2015
Jump Out the Window,3:34,Big Sean,I Decided.,Hip-Hop/Rap,0,40,2017
Halfway Off the Balcony,3:51,Big Sean,I Decided.,Hip-Hop/Rap,0,40,2017
Back To Back,2:51,Drake,Back To Back - Single,Hip-Hop/Rap,0,40,2015
Can't Have Everything,3:48,Drake,More Life,Hip-Hop/Rap,0,40,2017
Nonstop,3:59,Drake,Scorpion,Hip-Hop/Rap,0,40,2018
Finesse,3:02,Drake,Scorpion,Hip-Hop/Rap,0,40,2018
Crew Love (feat. The Weeknd),3:29,Drake,Take Care (Deluxe Version),Hip-Hop/Rap,0,40,2011
Blame (NGHTMRE Remix),3:08,Ekali & ZHU,Blame (NGHTMRE Remix) - Single,Electronic,0,40,2018
Mask Off (Remix) [feat. Kendrick Lamar],4:18,Future,Mask Off (Remix) [feat. Kendrick Lamar] - Single,Hip Hop/Rap,0,40,2017
BLOOD.,1:58,Kendrick Lamar,DAMN.,Hip-Hop/Rap,0,40,2017
Twenty 8,3:00,Kodak Black,Painting Pictures,Hip-Hop,0,40,2017
Here for You (feat. Ella Henderson),4:05,Kygo,Here for You (feat. Ella Henderson) - Single,Dance,0,40,2015
Chanel Vintage (feat. Future & Young Thug),4:42,Metro Boomin,Chanel Vintage (feat. Future & Young Thug) - Single,Hip-Hop/Rap,0,40,2014
Space Cadet (feat. Gunna),3:23,Metro Boomin,NOT ALL HEROES WEAR CAPES,Hip-Hop/Rap,0,40,2018
Versace,3:15,Migos,Versace - Single,Hip-Hop/Rap,0,40,2013
Mariah,2:42,NAV,NAV,Hip-Hop/Rap,0,40,2017
Late Night,3:48,ODESZA,Late Night - Single,Electronic,0,40,2017
Glasses,2:59,Roy Woods,Say Less,R&B/Soul,0,40,2017
Know Ya (feat. Trey Songz),4:53,Ty Dolla $ign,Free TC,Hip-Hop/Rap,0,40,2015
Big Amount (feat. Drake),3:11,2 Chainz,Pretty Girls Like Trap Music,Hip Hop/Rap,0,40,2017
Loyal,4:03,6LACK,Loyal - Single,R&B/Soul,0,40,2016
Ghosts 'n' Stuff,5:29,deadmau5,Ghosts 'n' Stuff (feat. Rob Swire) - EP,Dance,0,39,2008
It’s All on U (feat. Liam O'Donnell),3:24,Illenium,Ashes,Electronic,0,39,2016
Fractures (feat. Nevve),4:05,Illenium,Fractures (feat. Nevve) - Single,Electronic,0,39,2017
AA,3:30,Isaiah Rashad,The Sun's Tirade,Hip-Hop/Rap,0,39,2016
Street,2:40,NGHTMRE,Street - Single,Dance,0,39,2015
DJ Turn It Up,3:32,Yellow Claw,Amsterdam Twerk Music - EP,Dance,0,39,2013
Get Low,3:25,Zedd & Liam Payne,Get Low - Single,Dance,0,39,2017
Drake - Sweeterman [Explicit],4:16,,,,0,39,
REEL IT IN,2:01,Aminé,ONEPOINTFIVE,Hip-Hop/Rap,0,38,2018
Levels (Skrillex Remix),4:41,Avicii,Levels (Remixes) - EP,Dance,0,38,2011
Drowning (feat. Kodak Black),3:29,A Boogie wit da Hoodie,Drowning (feat. Kodak Black) - Single,Hip-Hop/Rap,0,38,2017
I Got the Keys (feat. JAY Z & Future),3:40,DJ Khaled,Major Key,Hip-Hop/Rap,0,38,2016
Glow (feat. Kanye West),3:26,Drake,More Life,Hip-Hop/Rap,0,38,2017
24K,3:07,DVBBS,24K - Single,Dance,0,38,2016
Africa (feat. Dion Timmer),4:03,Excision,Virus,Dance,0,38,2016
Famous,3:16,Kanye West,The Life of Pablo,Hip-Hop/Rap,0,38,2016
LOYALTY. (FEAT. RIHANNA.),3:47,Kendrick Lamar,DAMN.,Hip-Hop/Rap,0,38,2017
Go Off,3:38,"Lil Uzi Vert, Quavo & Travis Scott",The Fate of the Furious: The Album,Hip-Hop/Rap,0,38,2017
Come Through and Chill (feat. J. Cole & Salaam Remi),5:22,Miguel,War & Leisure,R&B/Soul,0,38,2017
"Young, Wild & Free (feat. Bruno Mars)",3:27,Snoop Dogg & Wiz Khalifa,Mac and Devin Go to High School (Music from and Inspired By the Movie),Soundtrack,0,38,2011
3500 (feat. Future & 2 Chainz),7:42,Travis Scott,Rodeo (Deluxe),Hip Hop/Rap,0,38,2015
Frontlines (feat. GG Magree) [Kid Froopy Remix],4:31,Zeds Dead & NGHTMRE,Frontlines (feat. GG Magree) [Remixes],Dance,0,38,2017
Walk Away (feat. Luna Aura),3:21,3LAU,Walk Away (feat. Luna Aura) - Single,Dance,0,38,2017
REDMERCEDES,2:50,Aminé,REDMERCEDES - Single,Hip-Hop/Rap,0,37,2017
My Way (Tiësto Remix),3:43,Calvin Harris,My Way (Tiësto Remix) - Single,Dance,0,37,2016
All My Life,3:37,DallasK,All My Life - Single,Electronic,0,37,2018
Tremor,4:54,Martin Garrix & Dimitri Vegas & Like Mike,Gold Skies - EP,Dance,0,37,2011
You Know You Like It,4:07,DJ Snake & AlunaGeorge,You Know You Like It - Single,Dance,0,37,2014
Children of a Miracle,3:09,Don Diablo & Marnik,Children of a Miracle - Single,Pop,0,37,2017
Free Smoke,3:39,Drake,More Life,Hip-Hop/Rap,0,37,2017
Neck Brace (feat. Messinian),4:21,Excision,Virus,Dance,0,37,2016
Are You Ready (feat. Protohype),3:02,Excision,Virus,Dance,0,37,2016
Enough (feat. Pusha T),3:11,Flume,Skin Companion EP II,Electronic,0,37,2017
Used to This (feat. Drake),3:01,Future,FUTURE,Hip-Hop/Rap,0,37,2016
Dubai S**t (feat. Offset),3:48,"HUNCHO JACK, Travis Scott & Quavo","Huncho Jack, Jack Huncho",Hip-Hop/Rap,0,37,2017
Otis (feat. Otis Redding),2:58,JAY-Z & Kanye West,Watch the Throne,Hip-Hop/Rap,0,37,2011
All of the Lights,5:00,Kanye West,My Beautiful Dark Twisted Fantasy,Hip-Hop/Rap,0,37,2010
Violent Crimes,3:35,Kanye West,ye,Hip-Hop/Rap,0,37,2018
Lean On (feat. MØ & DJ Snake),2:57,Major Lazer,Peace Is The Mission (Extended),Dance,0,37,2015
Freak No More,3:28,Migos,No Label II,Hip-Hop,0,37,2014
Love Galore (feat. Travis Scott),4:35,SZA,Ctrl,R&B/Soul,0,37,2017
Jaguar,4:47,What So Not,Jaguar - Single,Dance,0,37,2013
First F**k,3:25,6LACK & Jhené Aiko,First F**k - Single,R&B/Soul,0,37,2017
Ghostface Killers (feat. Travis Scott),4:29,"21 Savage, Offset & Metro Boomin",Without Warning,Hip Hop/Rap,0,37,2017
Bigger Than Me (feat. The Flint Chozen Choir & Starrah),4:52,Big Sean,I Decided.,Hip-Hop/Rap,0,36,2017
Go Legend (feat. Travis Scott),4:29,Big Sean & Metro Boomin,Double Or Nothing,Hip-Hop/Rap,0,36,2017
This Is America,3:46,Childish Gambino,This Is America - Single,Hip-Hop/Rap,0,36,2018
"I'm the One (feat. Justin Bieber, Quavo, Chance the Rapper & Lil Wayne)",4:49,DJ Khaled,Grateful,Hip-Hop/Rap,0,36,2017
Jorja Interlude,1:48,Drake,More Life,Hip-Hop/Rap,0,36,2017
Do Not Disturb,4:44,Drake,More Life,Hip-Hop/Rap,0,36,2017
In My Head,3:41,Galantis,Pharmacy,Dance,0,36,2015
Tell Me You Love Me,3:10,Galantis & Throttle,The Aviary,Dance,0,36,2017
Bad at Love (Dillon Francis Remix),3:21,Halsey,Bad at Love (Remixes) - EP,Dance,0,36,2017
FEAR.,7:41,Kendrick Lamar,DAMN.,Hip-Hop/Rap,0,36,2017
Right Back,3:35,Khalid,Free Spirit,R&B/Soul,0,36,2019
Peek a Boo (feat. Migos),4:08,Lil Yachty,Peek a Boo (feat. Migos) - Single,Hip-Hop/Rap,0,36,2017
Summer Days (feat. Macklemore & Patrick Stump),2:44,Martin Garrix,Summer Days (feat. Macklemore & Patrick Stump) - Single,Dance,0,36,2019
10 Freaky Girls (feat. 21 Savage),3:28,Metro Boomin,NOT ALL HEROES WEAR CAPES,Hip-Hop/Rap,0,36,2018
Edge,3:44,Rezz,The Silence Is Deafening - EP,Dance,0,36,2016
Purple Lamborghini,3:36,Skrillex & Rick Ross,Suicide Squad: The Album,Dance,0,36,2016
"Young, Wild & Free (feat. Bruno Mars)",3:27,Snoop Dogg & Wiz Khalifa,"Young, Wild & Free (feat. Bruno Mars) - Single",Hip Hop/Rap,0,36,2011
Clarity (feat. Foxes),4:32,Zedd,Clarity,Dance,0,36,2012
G.O.M.D.,5:01,J. Cole,2014 Forest Hills Drive,Hip-Hop/Rap,0,35,2014
Ballin (feat. Kanye West),3:44,Juicy J,Ballin (feat. Kanye West) - Single,Hip-Hop/Rap,0,35,2016
I Love It,2:08,Kanye West & Lil Pump,I Love It - Single,Hip-Hop/Rap,0,35,2018
PRIDE.,4:35,Kendrick Lamar,DAMN.,Hip Hop/Rap,0,35,2017
GOD.,4:09,Kendrick Lamar,DAMN.,Hip-Hop/Rap,0,35,2017
Alright,3:39,Kendrick Lamar,To Pimp a Butterfly,Hip-Hop/Rap,0,35,2015
ZEZE (feat. Travis Scott & Offset),3:49,Kodak Black,ZEZE (feat. Travis Scott & Offset) - Single,Hip-Hop/Rap,0,35,2018
First Time,3:14,Kygo & Ellie Goulding,Stargazing - EP,Dance,0,35,2017
Light It Up (feat. Nyla & Fuse ODG) [Remix],2:46,Major Lazer,Peace Is The Mission (Extended),Dance,0,35,2015
Where Are Ü Now (with Justin Bieber),4:10,Skrillex & Diplo,Skrillex and Diplo Present Jack Ü,Dance,0,35,2015
Maria I'm Drunk (feat. Justin Bieber & Young Thug),5:50,Travis Scott,Rodeo (Expanded Edition),Hip-Hop/Rap,0,35,2015
Lalala,2:41,Y2K & bbno$,Lalala - Single,Hip-Hop/Rap,0,35,2019
Bentley Truck (feat. Lil Wayne),4:39,2 Chainz,COLLEGROVE,Hip-Hop/Rap,0,35,2016
Saturday Night,4:31,2 Chainz,Pretty Girls Like Trap Music,Hip Hop/Rap,0,35,2017
Dreamer,4:11,Axwell Λ Ingrosso,Dreamer - Single,Dance,0,34,2017
Look Alive (feat. Drake),3:01,BlocBoy JB,Look Alive (feat. Drake) - Single,Hip-Hop/Rap,0,34,2018
Don't Quit (feat. Travis Scott & Jeremih),3:49,DJ Khaled & Calvin Harris,Grateful,Hip-Hop/Rap,0,34,2017
Turn Down for What,3:34,DJ Snake & Lil Jon,Turn Down for What - Single,Dance,0,34,2013
All Me (feat. 2 Chainz & Big Sean),4:32,Drake,Nothing Was the Same (Deluxe),Hip-Hop/Rap,0,34,2013
Mob Ties,3:25,Drake,Scorpion,Hip-Hop/Rap,0,34,2018
Love Me,3:15,Felix Cartal & Lights,Love Me - Single,Dance,0,34,2019
TEMPTATION,4:04,Joey Bada$$,ALL-AMERIKKKAN BADA$$,Hip-Hop/Rap,0,34,2017
LUST.,5:08,Kendrick Lamar,DAMN.,Hip-Hop/Rap,0,34,2017
All The Stars,3:52,"Kendrick Lamar, SZA",Black Panther The Album Music From And Inspired By,Hip-Hop/Rap,0,34,2018
In the Name of Love,3:19,Martin Garrix & Bebe Rexha,In the Name of Love - Single,Dance,0,34,2016
Corners of the Earth (feat. RY X),5:05,ODESZA,A Moment Apart,Electronic,0,34,2017
Tell Me,4:41,RL Grime & What So Not,Tell Me - Single,Electronic,0,34,2014
In My Room (feat. Ty Dolla $ign & Tyga),2:49,Yellow Claw & Mustard,Blood For Mercy,Dance,0,34,2015
Stay,3:30,Zedd & Alessia Cara,Stay - Single,Dance,0,34,2017
Free,4:23,6LACK,R&Bae,R&B/Soul,0,34,2016
A$AP Forever (feat. Moby),3:53,A$AP Rocky,A$AP Forever (feat. Moby) - Single,Hip-Hop/Rap,0,33,2018
Ballerina,4:13,Belly,Another Day In Paradise,Hip-Hop/Rap,0,33,2016
Beast Mode (feat. PnB Rock & YoungBoy Never Broke Again),4:18,A Boogie wit da Hoodie,The Bigger Artist,Hip-Hop/Rap,0,33,2017
One More Time,5:20,Daft Punk,Discovery,Dance,0,33,2000
Listen Closely (feat. Safe),2:50,DVBBS,Listen Closely (feat. Safe) - Single,Dance,0,33,2018
PICK IT UP (feat. A$AP Rocky),3:11,Famous Dex,Dex Meets Dexter,Hip-Hop/Rap,0,33,2017
Alright,3:18,Kendrick Lamar,Alright - Single,Hip-Hop/Rap,0,33,2015
Firestone (feat. Conrad Sewell),4:34,Kygo,Cloud Nine,Dance,0,33,2014
This Town (feat. Sasha Sloan),3:22,Kygo,Stargazing - EP,Dance,0,33,2017
Ligne 3,4:02,Låpsley,These Elements - EP,Electronic,0,33,2019
Yes Indeed,2:22,Lil Baby & Drake,Harder Than Ever,Hip-Hop/Rap,0,33,2018
Peek a Boo (feat. Migos),4:06,Lil Yachty,Teenage Emotions,Hip-Hop/Rap,0,33,2017
"Night Riders (feat. Travi$ Scott, 2 Chainz, Pusha T & Mad Cobra)",3:53,Major Lazer,Peace Is The Mission,Electronic,0,33,2015
Open Your Eyes,4:20,School of Seven Bells,SVIIB,Alternative,0,33,2015
Take Ü There (feat. Kiesza) [Tchami Remix],4:34,Skrillex & Diplo,Take Ü There (feat. Kiesza) [Remixes],Dance,0,33,2014
Look At Me!,2:06,XXXTENTACION,Look At Me! - Single,Hip-Hop/Rap,0,33,2015
Sleep When U Die,3:15,2 Chainz,Pretty Girls Like Trap Music,Hip Hop/Rap,0,33,2017
Dominator,2:30,Armin van Buuren & Human Resource,Old Skool (Mini Album),Trance,0,32,1992
Money Up,2:54,Babylung,Look What You Did,Hip-Hop/Rap,0,32,2017
Consuela (feat. Young Thug & Zack),3:46,Belly,Inzombia,Hip-Hop/Rap,0,32,2016
Magenta Riddim,3:14,DJ Snake,Magenta Riddim - Single,Dance,0,32,2018
On My Mind,4:10,Don Diablo,On My Mind - Single,Dance,0,32,2015
Fire & Desire,3:58,Drake,Views,Hip-Hop/Rap,0,32,2016
Ezra,3:37,Flume,Flume (Deluxe Edition),Electronic,0,32,2012
Nothing Can Hold Us Down (feat. Haris),3:19,Hardwell & Headhunterz,United We Are,Dance,0,32,2015
I Thought About Killing You,4:34,Kanye West,ye,Hip-Hop/Rap,0,32,2018
OTW,4:23,"Khalid, 6LACK & Ty Dolla $ign",OTW - Single,R&B/Soul,0,32,2018
Conscience (feat. Future),3:40,Kodak Black,Painting Pictures,Hip-Hop,0,32,2017
One I Want (feat. PARTYNEXTDOOR),3:33,Majid Jordan,One I Want (feat. PARTYNEXTDOOR) - Single,R&B/Soul,0,32,2017
High on Life (feat. Bonn),3:51,Martin Garrix,High on Life (feat. Bonn) - Single,Dance,0,32,2018
Lesbian (feat. Gunna & Young Thug),3:27,Metro Boomin,NOT ALL HEROES WEAR CAPES,Hip-Hop/Rap,0,32,2018
Borrowed Love (feat. Swae Lee & Wizkid),3:50,Metro Boomin,NOT ALL HEROES WEAR CAPES,Hip-Hop/Rap,0,32,2018
We Ready (Bonus Track) [feat. Soulja Boy] [Remix],3:51,Migos,Young Rich N*ggas,Hip Hop/Rap,0,32,2013
BAD!,1:34,XXXTENTACION,SKINS,Pop,0,32,2018
Whole Lot,5:14,21 Savage,Issa Album,Hip Hop/Rap,0,32,2017
Havana (feat. Young Thug),3:37,Camila Cabello,Camila,Pop,0,31,2017
Matches,3:08,Cash Cash & ROZES,Matches - Single,Dance,0,31,2017
Sahara (feat. Skrillex),4:18,DJ Snake,Encore,Dance,0,31,2016
"Oh Me Oh My (feat. Travis Scott, Migos & G4shi) [Malaa Remix]",4:20,DJ Snake,"Oh Me Oh My (feat. Travis Scott, Migos & G4shi) [Malaa Remix] - Single",Dance,0,31,2017
Let Me Love You (feat. Justin Bieber) [Marshmello Remix],3:00,DJ Snake & Marshmello,Let Me Love You (feat. Justin Bieber) [Marshmello Remix] - Single,Dance,0,31,2016
Still D.R.E. (feat. Snoop Dogg),4:31,Dr. Dre,2001,Hip-Hop/Rap,0,31,1999
Nothings Into Somethings,2:34,Drake,More Life,Hip-Hop/Rap,0,31,2017
Make Me Proud (feat. Nicki Minaj),3:40,Drake,Take Care (Deluxe Version),Hip-Hop/Rap,0,31,2011
Champions,5:34,"Kanye West, Gucci Mane, Big Sean, 2 Chainz, Travis Scott, Yo Gotti, Quavo & Desiigner",Champions - Single,Hip-Hop/Rap,0,31,2016
Versace,3:15,Migos,Young Rich N*ggas,Hip Hop/Rap,0,31,2013
Chirpin,3:32,Migos,Young Rich N*ggas,Hip Hop/Rap,0,31,2013
Square One,3:39,Moss Kena,Found You In 06 - EP,R&B/Soul,0,31,2018
The Weekend (Funk Wav Remix),2:52,SZA & Calvin Harris,The Weekend (Funk Wav Remix) - Single,R&B/Soul,0,31,2017
Ain't My Fault (R3hab Remix),2:39,Zara Larsson & R3HAB,Ain't My Fault (R3hab Remix) - Single,Dance,0,31,2016
Lights Go Down,3:33,Zeds Dead & Jauz,Lights Go Down - Single,Dance,0,31,2017
Poor Fool (feat. Swae Lee),3:42,2 Chainz,Pretty Girls Like Trap Music,Hip Hop/Rap,0,31,2017
Eagle Birds,2:41,The Black Keys,Let's Rock,Alternative,0,30,2019
The Next Episode (feat. Snoop Dogg),2:42,Dr. Dre,2001,Hip-Hop/Rap,0,30,1999
Plans (feat. Brandyn Burnette),4:38,Elephante,I Am the Elephante,Dance,0,30,2016
Virus,5:31,Excision,Virus,Dance,0,30,2016
MIDDLE CHILD,3:34,J. Cole,MIDDLE CHILD - Single,Hip-Hop/Rap,0,30,2019
Diamonds,4:29,Jauz & Kiiara,Diamonds - Single,Dance,0,30,2018
Yikes,3:09,Kanye West,ye,Hip-Hop/Rap,0,30,2018
FEEL.,3:35,Kendrick Lamar,DAMN.,Hip Hop/Rap,0,30,2017
UnFazed (feat. The Weeknd),3:10,Lil Uzi Vert,Luv Is Rage 2,Hip Hop/Rap,0,30,2017
Keep It Mello (feat. Omar LinX),4:03,Marshmello & Omar LinX,Joytime,Electronic,0,30,2015
Feel It Still,2:43,Portugal. The Man,Woodstock,Alternative,0,30,2017
Mixed Signals,3:47,Rezz & Blanke,Mixed Signals - Single,Electronic,0,30,2018
The Power of Now,3:21,Steve Aoki & Headhunterz,Neon Future Odyssey,Dance,0,30,2015
Can't Hide (feat. Ashe),3:04,Whethan,Can't Hide (feat. Ashe) - Single,Electronic,0,30,2016
Catching On (feat. Nevve),3:47,Elephante,I Am the Elephante,Dance,0,29,2016
Square One (feat. MAX),3:26,Grandtheft,Square One (feat. MAX) - Single,Dance,0,29,2017
2 Phones,4:00,Kevin Gates,Islah (Deluxe),Hip-Hop/Rap,0,29,2015
Tunnel Vision,4:28,Kodak Black,Painting Pictures,Hip-Hop,0,29,2017
Bando,4:46,Migos,Young Rich N*ggas,Hip Hop/Rap,0,29,2013
I Took a Pill in Ibiza (Seeb Remix),3:18,Mike Posner,"At Night, Alone.",Dance,0,29,2016
Congratulations (Remix) [feat. Quavo & Future],4:44,Post Malone,Congratulations (Remix) [feat. Quavo & Future] - Single,Hip Hop/Rap,0,29,2017
Candy Paint,3:49,Post Malone,The Fate of the Furious: The Album,Hip-Hop/Rap,0,29,2017
Would You Ever,3:54,Skrillex & Poo Bear,Would You Ever - Single,Dance,0,29,2017
Without You (feat. Dylan Matthew),3:46,SLANDER & Kayzo,Without You (feat. Dylan Matthew) - Single,Dance,0,29,2017
Open (feat. Moksi & Jonna Fraser),3:31,Yellow Claw,Los Amsterdam,Dance,0,29,2017
Rake It Up (feat. Nicki Minaj),4:36,Yo Gotti,I Still Am,Hip Hop/Rap,0,29,2017
Blame (feat. Elliphant),3:38,Zeds Dead & Diplo,Northern Lights,Dance,0,29,2016
Realize (feat. Nicki Minaj),3:52,2 Chainz,Pretty Girls Like Trap Music,Hip Hop/Rap,0,29,2017
P.O.P.,3:21,Belly,Mumble Rap,Hip-Hop/Rap,0,28,2017
I Remember,9:08,deadmau5 & Kaskade,Random Album Title,Dance,0,28,2008
Lose You,5:05,Drake,More Life,Hip-Hop/Rap,0,28,2017
Redemption,5:34,Drake,Views,Hip-Hop/Rap,0,28,2016
One Dance (feat. Wizkid & Kyla),2:54,Drake,Views,Hip-Hop/Rap,0,28,2016
Gassed Up,3:57,Jauz & DJ Snake,Gassed Up - Single,Dance,0,28,2018
Let It Go (feat. Mermaids Exist),3:01,Joe Ghost,Begin Again,Dance,0,28,2018
Forever,3:38,Martin Garrix & Matisse & Sadko,Forever - Single,Dance,0,28,2017
Sky Walker (feat. Travis Scott),4:19,Miguel,War & Leisure,R&B/Soul,0,28,2017
Bedtime Stories (feat. The Weeknd) [From SR3MM],4:53,"Rae Sremmurd, Swae Lee & Slim Jxmmi",SR3MM,Hip-Hop/Rap,0,28,2018
Both of Us (feat. Stor-I),3:18,Yellow Claw,Both of Us (feat. Stor-I) - Single,Dance,0,28,2017
"It's a Vibe (feat. Ty Dolla $ign, Trey Songz & Jhené Aiko)",3:30,2 Chainz,Pretty Girls Like Trap Music,Hip Hop/Rap,0,28,2017
DR. WHOEVER,4:19,Aminé,ONEPOINTFIVE,Hip-Hop/Rap,0,27,2018
"Biking (feat. JAY Z & Tyler, the Creator)",4:38,Frank Ocean,"Biking (feat. JAY Z & Tyler, the Creator) - Single",Pop,0,27,2017
Mask Off (Marshmello Remix),2:59,Future,Mask Off (Marshmello Remix) - Single,Dance,0,27,2017
Ultralight Beam,5:21,Kanye West,The Life of Pablo,Hip-Hop/Rap,0,27,2016
All Mine,2:26,Kanye West,ye,Hip-Hop/Rap,0,27,2018
Wouldn't Leave (feat. PARTYNEXTDOOR),3:26,Kanye West,ye,Hip-Hop/Rap,0,27,2018
i,5:36,Kendrick Lamar,To Pimp a Butterfly,Hip-Hop/Rap,0,27,2014
XO TOUR Llif3,3:03,Lil Uzi Vert,XO TOUR Llif3 - Single,Hip-Hop/Rap,0,27,2017
Lonely,3:35,NAV,NAV,Hip-Hop/Rap,0,27,2017
Come Get Her,3:33,Rae Sremmurd,SremmLife,Hip-Hop/Rap,0,27,2015
Toxin,3:27,Rezz & Fytch,Certain Kind of Magic,Electronic,0,27,2018
Superhuman (feat. Eric Leva),4:29,SLANDER,Superhuman (feat. Eric Leva) - Single,Dance,0,27,2017
I Sip,3:16,Tory Lanez,I Sip - Single,R&B/Soul,0,27,2017
B.I.D,2:44,Tory Lanez,MEMORIES DON'T DIE,Hip-Hop/Rap,0,27,2018
Wilted by June,4:04,Babylung,Look What You Did,Hip-Hop/Rap,0,26,2017
Miss You,3:06,"Cashmere Cat, Major Lazer & Tory Lanez",Miss You - Single,Electronic,0,26,2018
Blood On the Leaves,6:00,Kanye West,Yeezus,Hip-Hop/Rap,0,26,2013
Mercy,5:26,"Kanye West, Big Sean, Pusha T & 2 Chainz",Young Gunz,Hip-Hop/Rap,0,26,2012
Black Panther,2:11,Kendrick Lamar,Black Panther The Album Music From And Inspired By,Hip-Hop/Rap,0,26,2018
XXX. (FEAT. U2.),4:14,Kendrick Lamar,DAMN.,Hip Hop/Rap,0,26,2017
Better Not,3:43,Louis The Child & Wafia,Kids At Play - EP,Electronic,0,26,2018
Wow.,2:30,Post Malone,Wow. - Single,Hip-Hop/Rap,0,26,2018
Afterhours (feat. Diplo & Nina Sky),4:36,TroyBoi,Afterhours (feat. Diplo & Nina Sky) - Single,Electronic,0,26,2015
Redemption Interlude,1:25,Zacari,Black Panther The Album Music From And Inspired By,Hip-Hop/Rap,0,26,2018
Bali (feat. NAV),3:05,88GLAM,88Glam Reloaded,Hip-Hop/Rap,0,26,2017
bad guy,3:14,Billie Eilish,"WHEN WE ALL FALL ASLEEP, WHERE DO WE GO?",Alternative,0,25,2019
Say A',3:35,A Boogie wit da Hoodie,The Bigger Artist,Hip-Hop/Rap,0,25,2017
Parallel Lines (feat. CMC$ & Happy Sometimes),3:20,DVBBS,Blood of My Blood,Dance,0,25,2017
Blame,2:57,Ekali & ZHU,Blame - Single,Electronic,0,25,2018
1942 (feat. Yo Gotti & YBN Nahmir),3:33,G-Eazy,1942 (feat. Yo Gotti & YBN Nahmir) - Single,Hip-Hop/Rap,0,25,2018
Both (Remix) [feat. Drake & Lil Wayne],4:12,Gucci Mane,Both (Remix) [feat. Drake & Lil Wayne] - Single,Hip-Hop/Rap,0,25,2017
Saint Pablo,6:12,Kanye West,The Life of Pablo,Hip-Hop/Rap,0,25,2016
Lift Yourself,2:28,Kanye West,Lift Yourself - Single,Hip-Hop/Rap,0,25,2018
Old Town Road (feat. Billy Ray Cyrus) [Remix],2:37,Lil Nas X,Old Town Road (feat. Billy Ray Cyrus) [Remix] - Single,Country,0,25,2019
Body (feat. Brando),2:43,Loud Luxury,Body (feat. Brando) - Single,Dance,0,25,2017
Stunner,4:48,Milky Chance,Sadnecessary (Bonus Track Version),Alternative,0,25,2013
If I Lose Myself (Alesso vs OneRepublic),3:34,OneRepublic & Alesso,If I Lose Myself (Alesso vs OneRepublic) - Single,Dance,0,25,2013
Taste (feat. Offset),3:53,Tyga,Taste (feat. Offset) - Single,Hip-Hop/Rap,0,25,2018
Collapse (feat. Memorecks),4:44,Zeds Dead,Somewhere Else,Dance,0,25,2014
Stucco,2:05,bbno$ & Y2K,Recess,Hip-Hop/Rap,0,24,2019
Get It Right (feat. MØ & GoldLink) [Remix],2:52,Diplo,Get It Right (feat. MØ & GoldLink) [Remix] - Single,Electronic,0,24,2018
For Free (feat. Drake),3:04,DJ Khaled,For Free (feat. Drake) - Single,Hip-Hop/Rap,0,24,2016
Summer Games,4:08,Drake,Scorpion,Hip-Hop/Rap,0,24,2018
Parallel Lines (feat. CMC$ & Happy Sometimes),3:20,DVBBS,Parallel Lines (feat. CMC$ & Happy Sometimes) - Single,Electronica,0,24,2017
Hyperreal (feat. Kučka),4:14,Flume,Hyperreal (feat. Kučka) - Single,Electronic,0,24,2017
Mask Off (feat. Kendrick Lamar) [Remix],4:18,Future,FUTURE,Hip Hop/Rap,0,24,2017
Late Night,3:48,ODESZA,A Moment Apart,Electronic,0,24,2017
Candy Paint,3:48,Post Malone,beerbongs & bentleys,Hip-Hop/Rap,0,24,2017
Teleportal,3:41,Rezz & Kotek,Certain Kind of Magic,Electronic,0,24,2018
I Wanna Know (feat. Daya),3:27,RL Grime,I Wanna Know (feat. Daya) - Single,Electronic,0,24,2018
Paramedic!,3:39,SOB X RBE,Black Panther The Album Music From And Inspired By,Hip-Hop/Rap,0,24,2018
After Life (feat. Stacy Barthe),4:53,Tchami,After Life (feat. Stacy Barthe) - Single,Dance,0,24,2015
Shooters,3:28,Tory Lanez,Shooters - Single,Hip Hop/Rap,0,24,2017
Rolls Royce Bitch,3:59,2 Chainz,Pretty Girls Like Trap Music,Hip Hop/Rap,0,24,2017
Baby Girl,2:49,21 Savage,Issa Album,Hip Hop/Rap,0,24,2017
Heebiejeebies (feat. Kehlani) [Bonus],3:40,Aminé,Good For You,Hip-Hop/Rap,0,23,2017
Look Back at It,2:59,A Boogie wit da Hoodie,Hoodie SZN,Hip-Hop/Rap,0,23,2018
Car Sick (feat. NAV & Metro Boomin),3:40,Gunna,Drip Season 3 (Deluxe),Hip-Hop/Rap,0,23,2018
ATM,3:37,J. Cole,KOD,Hip-Hop/Rap,0,23,2018
Meant To Love You (feat. ROUXN),5:08,Jauz,Meant To Love You (feat. ROUXN) - Single,Dance,0,23,2017
444+222,4:07,Lil Uzi Vert,Luv Is Rage 2,Hip-Hop/Rap,0,23,2017
X,2:54,Lil Uzi Vert,Luv Is Rage 2,Hip-Hop/Rap,0,23,2017
Silence (feat. Khalid),3:01,Marshmello,Silence (feat. Khalid) - Single,Dance,0,23,2017
Pizza,4:15,Martin Garrix,Pizza - Single,Dance,0,23,2017
Burn Out (feat. Dewain Whitmore),3:20,Martin Garrix & Justin Mylo,Burn Out (feat. Dewain Whitmore) - Single,Dance,0,23,2018
Flashed Junk Mind,4:22,Milky Chance,Sadnecessary (Bonus Track Version),Alternative,0,23,2013
Sunflower (Spider-Man: Into the Spider-Verse),2:38,Post Malone & Swae Lee,Spider-Man: Into the Spider-Verse (Soundtrack From & Inspired by the Motion Picture),Hip-Hop/Rap,0,23,2018
Chicken Soup,3:27,Skrillex & Habstrakt,HOWSLA,Electronic,0,23,2017
HOUSTONFORNICATION,3:38,Travis Scott,ASTROWORLD,Hip-Hop/Rap,0,23,2018
Shinin' Bright,3:54,Tritonal,Shinin' Bright - Single,Dance,0,23,2017
7 Min Freestyle,7:12,21 Savage,Issa Album,Hip Hop/Rap,0,23,2017
Save Me (feat. Adara),2:51,Adventure Club & Terravita,Red // Blue,Dance,0,22,2016
Renegade,3:12,Axwell Λ Ingrosso,More Than You Know (Bonus Track Edition),Dance,0,22,2017
Everybody's Somebody (feat. Bully Songs),3:18,Don Diablo,FUTURE (Deluxe Edition),Dance,0,22,2018
Karate Chop (Remix) [feat. Lil Wayne],4:36,Future,Honest (Deluxe),Hip-Hop/Rap,0,22,2013
March Madness,4:05,Future,March Madness - Single,Hip-Hop/Rap,0,22,2015
Higher,4:34,Jauz x Netsky,3,Dance,0,22,2016
Talk,3:18,Khalid,Free Spirit,R&B/Soul,0,22,2019
Feel the Love (feat. Pusha T),2:45,KIDS SEE GHOSTS,KIDS SEE GHOSTS,Hip-Hop/Rap,0,22,2018
"Freeee (Ghost Town, Pt. 2) [feat. Ty Dolla $ign]",3:27,KIDS SEE GHOSTS,KIDS SEE GHOSTS,Hip-Hop/Rap,0,22,2018
Kids See Ghosts (feat. Yasiin Bey),4:05,KIDS SEE GHOSTS,KIDS SEE GHOSTS,Hip-Hop/Rap,0,22,2018
Yes Indeed,2:22,Lil Baby & Drake,Harder Than Ever,Hip-Hop/Rap,0,22,2018
Lollipop,4:59,Lil Wayne,Tha Carter III,Hip-Hop/Rap,0,22,2008
Animals,5:04,Martin Garrix,Gold Skies - EP,Dance,0,22,2014
Black Beatles (feat. Gucci Mane),4:52,Rae Sremmurd,SremmLife 2 (Deluxe),Hip-Hop/Rap,0,22,2016
Back To Life,3:17,Russ,Back To Life - Single,Hip-Hop/Rap,0,22,2018
The Formula,2:46,Russ,The Formula - Single,Hip-Hop/Rap,0,22,2015
X,4:27,"ScHoolboy Q, 2 Chainz, Saudi",Black Panther The Album Music From And Inspired By,Hip-Hop/Rap,0,22,2018
Skrt Skrt,2:54,Tory Lanez,Skrt Skrt - Single,R&B/Soul,0,22,2017
STOP TRYING TO BE GOD,5:38,Travis Scott,ASTROWORLD,Hip-Hop/Rap,0,22,2018
Pray For Me,3:31,"The Weeknd, Kendrick Lamar",Black Panther The Album Music From And Inspired By,Hip-Hop/Rap,0,22,2018
Love & War (feat. Yade Lauren),3:00,Yellow Claw,Los Amsterdam,Dance,0,22,2016
The Middle,3:05,"Zedd, Maren Morris & Grey",The Middle - Single,Dance,0,22,2018
Riverdale Rd,3:24,2 Chainz,Pretty Girls Like Trap Music,Hip Hop/Rap,0,22,2017
4 AM (feat. Travis Scott),4:16,2 Chainz,Pretty Girls Like Trap Music,Hip Hop/Rap,0,22,2017
Too Late Interlude,3:14,Babylung,Look What You Did,Hip-Hop/Rap,0,21,2017
Tribe,3:58,Bas & J. Cole,Milky Way,Hip-Hop/Rap,0,21,2018
Omen (feat. Sam Smith),3:50,Disclosure,Caracal (Deluxe),Electronic,0,21,2015
In My Feelings,3:38,Drake,Scorpion,Hip-Hop/Rap,0,21,2018
Successful (feat. Lil Wayne),5:52,Drake,So Far Gone - EP,Hip-Hop/Rap,0,21,2009
Emoji,2:32,Galantis,Emoji - Single,Dance,0,21,2018
"I Can't Hold On (feat. Dillon Francis, Wax Motif & Anna Lunoe)",3:23,Good Times Ahead,"Death to Genres, Vol. 3 - EP",Dance,0,21,2018
Curve (feat. The Weeknd),2:42,Gucci Mane,Mr. Davis,Hip-Hop/Rap,0,21,2017
The Cut Off (feat. kiLL edward),3:57,J. Cole,KOD,Hip-Hop/Rap,0,21,2018
Feel the Volume,3:50,Jauz,Feel the Volume - Single,Dance,0,21,2014
Frequency (feat. Kyle Pavone),4:40,Jauz & Adventure Club,The Wise and the Wicked,Dance,0,21,2018
King's Dead,3:45,"Jay Rock, Kendrick Lamar, Future, James Blake",Black Panther The Album Music From And Inspired By,Hip-Hop/Rap,0,21,2018
No Mistakes,2:03,Kanye West,ye,Hip-Hop/Rap,0,21,2018
4th Dimension (feat. Louis Prima),2:33,KIDS SEE GHOSTS,KIDS SEE GHOSTS,Hip-Hop/Rap,0,21,2018
i'm so tired...,2:43,Lauv & Troye Sivan,i'm so tired... - Single,Pop,0,21,2019
It's Strange (feat. K.Flay),4:06,Louis The Child,It's Strange (feat. K.Flay) - Single,Electronica,0,21,2015
Breaking News,3:33,Louis The Child & RAYE,Kids At Play - EP,Electronic,0,21,2018
Better Now,3:51,Post Malone,beerbongs & bentleys,Hip-Hop/Rap,0,21,2018
Hold On Tight,3:10,R3HAB & Conor Maynard,Hold On Tight - Single,Pop,0,21,2018
Snow White,4:22,Roy Woods,Snow White - Single,Hip-Hop/Rap,0,21,2018
Forever (Mixed),3:32,Taska Black,Martin Garrix Presents STMPD RCRDS (DJ Mix),Dance,0,21,2018
WAKE UP,3:52,Travis Scott,ASTROWORLD,Hip-Hop/Rap,0,21,2018
Alone (feat. Lauren Evans),4:04,Armin van Buuren,Intense (Bonus Track Version),Dance,0,20,2013
Pull Up N Wreck (feat. 21 Savage),3:48,Big Sean & Metro Boomin,Double Or Nothing,Hip-Hop/Rap,0,20,2017
Shine A Little Light,3:17,The Black Keys,Let's Rock,Alternative,0,20,2019
I Need Your Love (feat. Ellie Goulding),3:55,Calvin Harris,18 Months,Dance,0,20,2012
"Taki Taki (feat. Selena Gomez, Ozuna & Cardi B)",3:33,DJ Snake,"Taki Taki (feat. Selena Gomez, Ozuna & Cardi B) - Single",Dance,0,20,2018
Energy,3:02,Drake,If You're Reading This It's Too Late,Hip-Hop/Rap,0,20,2015
Go Back Home,3:55,FKJ,French Kiwi Juice,Electronic,0,20,2017
"1985 (Intro to ""The Fall Off"")",3:10,J. Cole,KOD,Hip-Hop/Rap,0,20,2018
The Ways,3:59,"Khalid, Swae Lee",Black Panther The Album Music From And Inspired By,Hip-Hop/Rap,0,20,2018
Spoil My Night (feat. Swae Lee),3:15,Post Malone,beerbongs & bentleys,Hip-Hop/Rap,0,20,2018
Witching Hour,3:13,Rezz,Certain Kind of Magic,Electronic,0,20,2018
"Dead Presidents (feat. Future, Jeezy & Yo Gotti)",4:28,Rick Ross,Rather You Than Me,Hip-Hop/Rap,0,20,2017
Untrue,5:06,Tchami,Untrue - Single,House,0,20,2013
SICKO MODE,5:13,Travis Scott,ASTROWORLD,Hip-Hop/Rap,0,20,2018
Jocelyn Flores,1:59,XXXTENTACION,17,Hip-Hop/Rap,0,20,2017
Fake Chanel (feat. A$AP Ferg & Creek Boyz),3:03,Yellow Claw,New Blood,Dance,0,20,2018
Cocky (feat. London On Da Track),3:52,"A$AP Rocky, Gucci Mane & 21 Savage",Cocky (feat. London On Da Track) - Single,Hip-Hop/Rap,0,19,2018
May Flowers,3:27,Babylung,Look What You Did,Hip-Hop/Rap,0,19,2017
Maintain (feat. NAV),3:36,Belly,Maintain (feat. NAV) - Single,Hip-Hop/Rap,0,19,2018
Faking It (feat. Kehlani & Lil Yachty) [Radio Edit],3:48,Calvin Harris,Faking It (feat. Kehlani & Lil Yachty) [Radio Edit] - Single,Dance,0,19,2017
Diplomatic Immunity,4:16,Drake,Diplomatic Immunity - Single,Hip-Hop/Rap,0,19,2018
Elevate,3:05,Drake,Scorpion,Hip-Hop/Rap,0,19,2018
Blue Tint,2:43,Drake,Scorpion,Hip-Hop/Rap,0,19,2018
Too Good (feat. Rihanna),4:23,Drake,Views,Hip-Hop/Rap,0,19,2016
Intro,1:47,J. Cole,KOD,Hip-Hop/Rap,0,19,2018
Once an Addict (Interlude),3:18,J. Cole,KOD,Hip-Hop/Rap,0,19,2018
Feel the Way I Do,3:23,The Jungle Giants,Feel the Way I Do - Single,Alternative,0,19,2017
Ghost Town (feat. PARTYNEXTDOOR),4:31,Kanye West,ye,Hip-Hop/Rap,0,19,2018
Don't Come Out the House (feat. 21 Savage),2:48,Metro Boomin,NOT ALL HEROES WEAR CAPES,Hip-Hop/Rap,0,19,2018
Seasons,4:02,"Mozzy, Sjava, Reason",Black Panther The Album Music From And Inspired By,Hip-Hop/Rap,0,19,2018
Icarus,3:12,R3HAB,Icarus - Single,Dance,0,19,2016
F**k It Off (feat. Chris Brown),2:28,Tee Grizzley,Activated,Hip-Hop/Rap,0,19,2018
outside,2:56,Travis Scott,Birds in the Trap Sing McKnight,Hip Hop/Rap,0,19,2016
Weird (Mixed),2:37,TV Noise,Martin Garrix Presents STMPD RCRDS (DJ Mix),Dance,0,19,2018
a lot,4:49,21 Savage,i am > i was,Hip-Hop/Rap,0,19,2018
Infatuated,3:32,Babylung,Look What You Did,Hip-Hop/Rap,0,18,2017
Gotta Get Away,3:02,The Black Keys,Turn Blue,Alternative,0,18,2014
Redemption (feat. Excision),4:03,Datsik,Sensei,Dance,0,18,2016
Wild Thoughts (feat. Rihanna & Bryson Tiller) [NOTD Dance Remix],3:10,DJ Khaled,Wild Thoughts (feat. Rihanna & Bryson Tiller) [NOTD Dance Remix] - Single,Dance,0,18,2017
God's Plan,3:19,Drake,Scorpion,Hip-Hop/Rap,0,18,2018
That's How You Feel,2:38,Drake,Scorpion,Hip-Hop/Rap,0,18,2018
Indian Summer,4:08,Jai Wolf,Indian Summer - Single,Electronic,0,18,2015
Big Shot,3:42,"Kendrick Lamar, Travis Scott",Black Panther The Album Music From And Inspired By,Hip-Hop/Rap,0,18,2018
Slow Down Love (feat. Chelsea Cutler),2:38,Louis The Child,Love Is Alive - EP,Electronica,0,18,2017
Fly (feat. Leah Culver),3:14,Marshmello,Fly (feat. Leah Culver) - Single,Dance,0,18,2018
Life & Death,3:09,Rezz & Deathpact,Certain Kind of Magic,Electronic,0,18,2018
Talk,2:45,Salvatore Ganacci,Talk - Single,Hip-Hop/Rap,0,18,2017
Show Me Love (feat. Kimberly Anne),3:27,Sam Feldt,Show Me Love (feat. Kimberly Anne) - Single,Dance,0,18,2015
go back in time,4:22,San Holo,album1,Electronic,0,18,2018
2 Vaults (feat. Lil Yachty),3:30,Tee Grizzley,Activated,Hip-Hop/Rap,0,18,2018
First Day Out (feat. Meek Mill) [Remix],3:10,Tee Grizzley,First Day Out (feat. Meek Mill) [Remix] - Single,Hip-Hop/Rap,0,18,2018
Watch (feat. Lil Uzi Vert & Kanye West),3:37,Travis Scott,Watch (feat. Lil Uzi Vert & Kanye West) - Single,Hip-Hop/Rap,0,18,2018
You Make Me,3:53,Avicii,TRUE,Dance,0,17,2013
Feel so Close (Radio Edit),3:26,Calvin Harris,18 Months,Dance,0,17,2011
Latch (feat. Sam Smith),4:16,Disclosure,Settle (Deluxe Version),Electronic,0,17,2012
Final Fantasy,3:40,Drake,Scorpion,Hip-Hop/Rap,0,17,2018
Heaven (feat. Veronica),3:15,Dzeko & Riggi & Piros,Heaven (feat. Veronica) - Single,Dance,0,17,2019
FRIENDS (feat. kiLL edward),4:18,J. Cole,KOD,Hip-Hop/Rap,0,17,2018
Window Pain (Outro),4:47,J. Cole,KOD,Hip-Hop/Rap,0,17,2018
Ye vs. the People (starring T.I. as the People),3:23,Kanye West,Ye vs. the People (starring T.I. as the People) - Single,Hip-Hop/Rap,0,17,2018
Don't Pretend (feat. SAFE),2:46,Khalid,Free Spirit,R&B/Soul,0,17,2019
Fire,2:21,KIDS SEE GHOSTS,KIDS SEE GHOSTS,Hip-Hop/Rap,0,17,2018
Reborn,5:25,KIDS SEE GHOSTS,KIDS SEE GHOSTS,Hip-Hop/Rap,0,17,2018
Kids See Ghosts (feat. Yasiin Bey),4:05,KIDS SEE GHOSTS,KIDS SEE GHOSTS,Hip-Hop/Rap,0,17,2018
Youngest Flexer (feat. Gucci Mane),3:19,Lil Pump,Lil Pump,Hip-Hop/Rap,0,17,2017
ID11 (Mixed),1:26,Rezz,Nightmare on REZZ Street (DJ Mix),Electronic,0,17,2018
ID9 (Mixed),1:16,Rezz & 13,Nightmare on REZZ Street (DJ Mix),Electronic,0,17,2018
Show Me Love (feat. Kimberly Anne) [EDX’s Indian Summer Radio Mix],3:00,Sam Feldt,Show Me Love (Remixes 2) [feat. Kimberly Anne] - Single,Dance,0,17,2015
Opps,3:01,"Vince Staples, Yugen Blakrok",Black Panther The Album Music From And Inspired By,Hip-Hop/Rap,0,17,2018
Redemption,3:42,"Zacari, Babes Wodumo",Black Panther The Album Music From And Inspired By,Hip-Hop/Rap,0,17,2018
Finest Hour (feat. Abir),3:36,Cash Cash,Finest Hour (feat. Abir) - Single,Dance,0,16,2018
This Feeling (feat. Kelsea Ballerini),3:18,The Chainsmokers,Sick Boy,Dance,0,16,2018
Be Right There,3:57,Diplo & Sleepy Tom,Be Right There - Single,Dance,0,16,2015
Is There More,3:47,Drake,Scorpion,Hip-Hop/Rap,0,16,2018
Close but Not Quite (feat. Sampha),3:29,Everything Is Recorded,Close but Not Quite - EP,Electronic,0,16,2017
Mirror (feat. Dion Timmer) [Kai Wachi Remix],3:53,Excision,Virus: The Remixes,Dance,0,16,2017
2 MUCH (feat. 24hrs),3:02,Flosstradamus,2 MUCH (feat. 24hrs) - Single,Dance,0,16,2018
Snackbox (Mixed),2:32,Ibranovski,Martin Garrix Presents STMPD RCRDS (DJ Mix),Dance,0,16,2018
Album of the Year (Freestyle),2:19,J. Cole,Album of the Year (Freestyle) - Single,Hip-Hop/Rap,0,16,2018
No Role Modelz,4:53,J. Cole,2014 Forest Hills Drive,Hip-Hop/Rap,0,16,2014
4th Dimension (feat. Louis Prima),2:33,KIDS SEE GHOSTS,KIDS SEE GHOSTS,Hip-Hop/Rap,0,16,2018
Reborn,5:25,KIDS SEE GHOSTS,KIDS SEE GHOSTS,Hip-Hop/Rap,0,16,2018
Stole the Show (feat. Parson James),3:43,Kygo,Cloud Nine,Dance,0,16,2015
Born to Be Yours,3:13,Kygo & Imagine Dragons,Born to Be Yours - Single,Dance,0,16,2018
FRIENDS,3:23,Marshmello & Anne-Marie,FRIENDS - Single,Pop,0,16,2018
Cocoon,4:15,Milky Chance,Blossom (Deluxe),Alternative,0,16,2016
No Type,3:20,Rae Sremmurd,SremmLife,Hip-Hop/Rap,0,16,2014
ID3 (Mixed),3:21,Rezz,Nightmare on REZZ Street (DJ Mix),Electronic,0,16,2018
ID12 (Mixed),3:08,Rezz,Nightmare on REZZ Street (DJ Mix),Electronic,0,16,2018
Since I Was Broke,2:54,Russ,Since I Was Broke - Single,Hip Hop/Rap,0,16,2018
Me You,2:44,Russ,There's Really A Wolf,Hip-Hop/Rap,0,16,2017
Everything (feat. Jacquees & Dreezy),4:29,Snoop Dogg,Everything (feat. Jacquees & Dreezy) - Single,Hip-Hop/Rap,0,16,2018
What You Heard,3:58,Sonder,What You Heard - Single,R&B/Soul,0,16,2019
HIGHEST IN THE ROOM,2:56,Travis Scott,HIGHEST IN THE ROOM - Single,Hip-Hop/Rap,0,16,2019
Deep Down Low,3:05,Valentino Khan,OWSLA Spring Compilation 2015,Dance,0,16,2015
Norf Norf,3:03,Vince Staples,Summertime '06,Hip-Hop/Rap,0,16,2015
Praise the Lord (Da Shine) [feat. Skepta],3:26,A$AP Rocky,TESTING,Hip-Hop/Rap,0,15,2018
REMEDY,3:10,Alesso,REMEDY - Single,Dance,0,15,2018
Look Alive (feat. Drake),3:01,BlocBoy JB,Simi,Hip-Hop/Rap,0,15,2018
Swervin (feat. 6ix9ine),3:09,A Boogie wit da Hoodie,Hoodie SZN,Hip-Hop/Rap,0,15,2018
Survival,2:16,Drake,Scorpion,Hip-Hop/Rap,0,15,2018
Sandra's Rose,3:36,Drake,Scorpion,Hip-Hop/Rap,0,15,2018
Nice For What,3:31,Drake,Scorpion,Hip-Hop/Rap,0,15,2018
"Runway (For Club Play Only, Pt. 5)",2:40,Duke Dumont,"Runway (For Club Play Only, Pt. 5) - Single",Dance,0,15,2018
Same Yung N***a (feat. Playboi Carti),3:01,Gunna,Drip or Drown 2,Hip-Hop/Rap,0,15,2019
Let Me Go (feat. Florida Georgia Line & watt),2:55,Hailee Steinfeld & Alesso,Let Me Go (feat. Florida Georgia Line & watt) - Single,Pop,0,15,2017
Free Lunch,3:12,Isaiah Rashad,The Sun's Tirade,Hip-Hop/Rap,0,15,2016
BRACKETS,5:16,J. Cole,KOD,Hip-Hop/Rap,0,15,2018
He,4:28,Jai Paul,Do You Love Her Now / He - Single,Pop,0,15,2019
I Am,3:29,Jorja Smith,Black Panther The Album Music From And Inspired By,Hip-Hop/Rap,0,15,2018
Dedication (feat. Kendrick Lamar),4:06,Nipsey Hussle,Victory Lap,Hip-Hop/Rap,0,15,2018
Flying Octopus,3:00,Rezz,Certain Kind of Magic,Electronic,0,15,2018
The Crazy Ones,3:52,Rezz & 13,Certain Kind of Magic,Electronic,0,15,2018
Sore Losers,5:16,Russ,Sore Losers - Single,Hip-Hop/Rap,0,15,2018
Recess,3:58,Skrillex,Recess,Dance,0,15,2014
Jackie Chan (feat. Preme & Post Malone),3:36,Tiësto & Dzeko,Jackie Chan (feat. Preme & Post Malone) - Single,Dance,0,15,2018
Escape (feat. Steph Jones),3:30,Tritonal,Painting With Dreams,House,0,15,2016
Staring At the Sun,4:25,Vanic,Staring At the Sun - Single,Electronic,0,15,2017
Hurt You,3:50,The Weeknd & Gesaffelstein,"My Dear Melancholy,",R&B/Soul,0,15,2018
Dimemories,4:35,Zeds Dead,Northern Lights,Dance,0,15,2016
Crazies,3:20,Black Tiger Sex Machine & Nate Husser,Welcome To Our Church,Dance,0,14,2016
One Kiss,3:35,"Calvin Harris, Dua Lipa",One Kiss - Single,Dance,0,14,2018
Promises,3:33,"Calvin Harris, Sam Smith",Promises - Single,Dance,0,14,2018
Like I Do,3:23,"David Guetta, Martin Garrix & Brooks",Like I Do - Single,Dance,0,14,2018
Complicated (feat. Kiiara),3:04,Dimitri Vegas & Like Mike & David Guetta,Complicated (feat. Kiiara) - Single,Dance,0,14,2017
All I Need,3:05,Dimitri Vegas & Like Mike & Gucci Mane,All I Need - Single,Dance,0,14,2018
White Noise (feat. AlunaGeorge),4:38,Disclosure,Settle (Deluxe Version),Electronic,0,14,2013
Little Bit (feat. Lykke Li),3:50,Drake,So Far Gone,Hip-Hop/Rap,0,14,2009
Over,3:54,Drake,Thank Me Later,Hip-Hop/Rap,0,14,2010
Hinode,3:28,Fakear,Morning in Japan (Deluxe Edition) - EP,Electronic,0,14,2017
Easy Go,3:11,Grandtheft & Delaney Jane,Easy Go - Single,Dance,0,14,2016
Babylon,4:53,Jauz & Tisoki,The Wise and the Wicked,Dance,0,14,2018
44 More,3:09,Logic,Bobby Tarantino II,Hip-Hop/Rap,0,14,2018
Yottabyte,3:30,Martin Garrix,Bylaw - EP,Dance,0,14,2018
Access,3:15,Martin Garrix,Bylaw - EP,Dance,0,14,2018
Down By the River,4:01,Milky Chance,Sadnecessary (Bonus Track Version),Alternative,0,14,2013
Freshman List,3:07,NAV,Freshman List - Single,Hip-Hop/Rap,0,14,2018
Bloom,3:16,ODESZA,In Return,Electronic,0,14,2014
Bap U,2:48,Party Favor,Bap U - Single,Dance,0,14,2014
Caskets (feat. FKi 1st),3:04,Party Favor & NJOMZA,Caskets (feat. FKi 1st) - Single,Dance,0,14,2017
Touchscreen Navigation (From Swaecation),3:18,"Rae Sremmurd, Swae Lee & Slim Jxmmi",SR3MM,R&B/Soul,0,14,2018
Spider On the Moon,3:35,Rezz,Certain Kind of Magic,Electronic,0,14,2018
ID6 (Mixed),1:19,Rezz,Nightmare on REZZ Street (DJ Mix),Electronic,0,14,2018
H E X,3:28,Rezz & 1788-L,Certain Kind of Magic,Electronic,0,14,2018
New Freezer (feat. Kendrick Lamar),3:12,Rich The Kid,The World Is Yours,Hip-Hop/Rap,0,14,2017
TAlk tO Me (feat. Lil Wayne) [Remix],4:09,Tory Lanez & Rich The Kid,TAlk tO Me (Remix) [feat. Lil Wayne] - Single,Hip-Hop/Rap,0,14,2018
Magnets (feat. Akylla),4:19,Zeds Dead & Snails,Magnets (feat. Akylla) - Single,Dance,0,14,2018
"FEFE (feat. Nicki Minaj, Murda Beatz)",2:59,6ix9ine,DUMMY BOY,Hip-Hop/Rap,0,14,2018
L$D,3:58,A$AP Rocky,AT.LONG.LAST.A$AP,Hip-Hop/Rap,0,13,2015
Bloody Waters,4:32,"Ab-Soul, Anderson .Paak, James Blake",Black Panther The Album Music From And Inspired By,Hip-Hop/Rap,0,13,2018
Get Yourself Together,3:57,The Black Keys,Let's Rock,Alternative,0,13,2019
Religion,5:36,Black Tiger Sex Machine & LeKtriQue,Religion - Single,Dance,0,13,2015
713,3:13,THE CARTERS,EVERYTHING IS LOVE,Hip-Hop/Rap,0,13,2018
Hope (feat. Winona Oak),3:00,The Chainsmokers,Sick Boy,Dance,0,13,2018
Hot Summer,3:51,DJ Durel & Migos,Hot Summer - Single,Hip-Hop/Rap,0,13,2018
Forever,5:57,"Drake, Kanye West, Lil Wayne & Eminem",More Than a Game (Music Inspired By the Film),Soundtrack,0,13,2009
Leaving (feat. Yuna),2:56,Ekali,Leaving (feat. Yuna) - Single,Electronic,0,13,2018
Jackson Pollock (feat. Cadence Weapon),2:23,Grandtheft,Jackson Pollock (feat. Cadence Weapon) - Single,Dance,0,13,2018
She Knows (feat. Just Chase),3:56,Grandtheft,She Knows (feat. Just Chase) - Single,Dance,0,13,2018
Heartless,3:31,Kanye West,808s & Heartbreak,Hip-Hop/Rap,0,13,2008
Cudi Montage,3:17,KIDS SEE GHOSTS,KIDS SEE GHOSTS,Hip-Hop/Rap,0,13,2018
Cudi Montage,3:17,KIDS SEE GHOSTS,KIDS SEE GHOSTS,Hip Hop/Rap,0,13,2018
Yottabyte,3:30,Martin Garrix,Yottabyte - Single,Dance,0,13,2018
Virus (How About Now) [Radio Edit],3:18,Martin Garrix & MOTi,Virus (How About Now) [Radio Edit] - Single,Pop,0,13,2014
Waiting for Tomorrow (feat. Mike Shinoda),4:08,Martin Garrix & Pierce Fulton,Bylaw - EP,Dance,0,13,2018
ID13 (Mixed),2:44,Rezz,Nightmare on REZZ Street (DJ Mix),Electronic,0,13,2018
We Rise,4:26,San Holo,We Rise - Single,Dance,0,13,2015
Mo Bamba,3:04,Sheck Wes,MUDBOY,Hip-Hop/Rap,0,13,2017
Superhuman (Spag Heddy Remix) [feat. Eric Leva],3:42,SLANDER,Superhuman (Spag Heddy Remix) [feat. Eric Leva) - Single,Dance,0,13,2017
Real Thing (feat. Future),4:03,Tory Lanez,Real Thing (feat. Future) - Single,Hip Hop/Rap,0,13,2017
808 (Mixed),2:28,TV Noise,Martin Garrix Presents STMPD RCRDS (DJ Mix),Dance,0,13,2018
A-Punk,2:18,Vampire Weekend,Vampire Weekend,Alternative,0,13,2008
Call Out My Name,3:48,The Weeknd,"My Dear Melancholy,",R&B/Soul,0,13,2018
PROUD (feat. YG & Offset),3:55,2 Chainz,The Play Don’t Care Who Makes It - EP,Hip-Hop/Rap,0,13,2018
out for the night,2:17,21 Savage,i am > i was,Hip-Hop/Rap,0,13,2018
"A$AP Forever (feat. Moby, T.I. & Kid Cudi)",5:16,A$AP Rocky,TESTING,Hip-Hop/Rap,0,12,2018
Wake Me Up,4:10,Avicii,TRUE,Dance,0,12,2013
Lo/Hi,2:57,The Black Keys,Lo/Hi - Single,Alternative,0,12,2019
Weight of Love,6:50,The Black Keys,Turn Blue,Alternative,0,12,2014
Sweet Nothing (feat. Florence Welch),3:34,Calvin Harris,18 Months,Dance,0,12,2012
You & Me (feat. Eliza Doolittle) [Flume Remix],4:43,Disclosure,Flume (Deluxe Edition),Electronic,0,12,2012
Don't Matter To Me,4:06,Drake & Michael Jackson,Scorpion,Hip-Hop/Rap,0,12,2018
IDWK (Loud Luxury Remix),2:55,DVBBS & blackbear,IDWK (Loud Luxury Remix) - Single,Dance,0,12,2018
Dog Days Are Over,4:13,Florence + the Machine,Lungs,Alternative,0,12,2008
Smoke & Retribution (feat. Vince Staples & Kučka),4:01,Flume,Skin,Electronic,0,12,2016
Part of Me (feat. AudioOpera),6:04,Getter,Visceral,Electronic,0,12,2018
4r Da Squaw,3:53,Isaiah Rashad,The Sun's Tirade,Hip-Hop/Rap,0,12,2016
In the Zone (feat. Example),3:16,Jauz,The Wise and the Wicked,Dance,0,12,2018
Fire,2:21,KIDS SEE GHOSTS,KIDS SEE GHOSTS,Hip-Hop/Rap,0,12,2018
Epsilon,6:05,Kygo,Epsilon - Single,House,0,12,2013
Chasing Fire (Robin Schulz Remix),3:38,Lauv,I met you when I was 18. (the extras),Pop,0,12,2018
There's No Way (feat. Julia Michaels),2:55,Lauv,There's No Way (feat. Julia Michaels) - Single,Pop,0,12,2018
Danger,3:35,Migos & Marshmello,Bright: The Album,Hip Hop/Rap,0,12,2017
Blossom,4:13,Milky Chance,Blossom (Deluxe),Alternative,0,12,2017
In My Head (feat. Georgia Ku),3:30,Party Favor,Party & Destroy - EP,Dance,0,12,2016
Suffer (feat. SKOTT),3:30,Petit Biscuit,Suffer / Safe - Single,Electronic,0,12,2018
16-Sep,4:10,Russ,September 16 - Single,Hip-Hop/Rap,0,12,2018
Tell Me Why,2:22,Russ,Tell Me Why - Single,Hip-Hop/Rap,0,12,2018
Down For Anything (feat. KARRA),2:34,Sam Feldt & MÖWE,Down For Anything (feat. KARRA) - Single,Dance,0,12,2018
lift me from the ground (feat. Sofie Winterson),4:21,San Holo,album1,Electronic,0,12,2018
Jettski Grizzley (feat. Lil Pump),2:43,Tee Grizzley,Activated,Hip-Hop/Rap,0,12,2018
Samurai (feat. Katy Tiz),3:22,Vanic,Samurai (feat. Katy Tiz) - Single,Dance,0,12,2016
Bad for Me,3:11,WHIPPED CREAM,Bad for Me - Single,Dance,0,12,2018
Beastmode (feat. Stoltenhoff),3:13,Yellow Claw,"Amsterdam Trap Music, Vol. 3 - EP",House,0,12,2018
Wedding Crashers (feat. Offset),3:50,Aminé,Good For You,Hip-Hop/Rap,0,11,2017
Go,2:27,The Black Keys,Let's Rock,Alternative,0,11,2019
Melt (Tasty) [Promise Land Remix] [Mixed],3:10,Blinders,Martin Garrix Presents STMPD RCRDS (DJ Mix),Dance,0,11,2018
Lynx (Mixed),3:23,Brooks,Martin Garrix Presents STMPD RCRDS (DJ Mix),Dance,0,11,2018
3 Nights,2:58,Dominic Fike,"Don't Forget About Me, Demos - EP",Alternative,0,11,2018
I'm Upset,3:34,Drake,Scorpion,Hip-Hop/Rap,0,11,2018
Peak,3:26,Drake,Scorpion,Hip-Hop/Rap,0,11,2018
Jaded,4:22,Drake,Scorpion,Hip-Hop/Rap,0,11,2018
Whistle,3:45,Flo Rida,Wild Ones,Hip-Hop/Rap,0,11,2012
"All Is Lost (feat. nothing,nowhere.)",5:06,Getter,mau5ville: Level 1,Dance,0,11,2018
Wit It,2:20,Gunna,Drip or Drown 2,Hip-Hop/Rap,0,11,2019
Without Me (ILLENIUM Remix),4:09,Halsey,Without Me (ILLENIUM Remix) - Single,Dance,0,11,2018
Deja Vu,4:26,J. Cole,4 Your Eyez Only,Hip-Hop/Rap,0,11,2016
Soldier,3:02,Jauz & Krewella,The Wise and the Wicked,Dance,0,11,2018
Chasing Shadows (Mixed),3:34,Justin Mylo,Martin Garrix Presents STMPD RCRDS (DJ Mix),Dance,0,11,2018
Happy Now,3:31,Kygo & Sandro Cavazza,Happy Now - Single,Dance,0,11,2018
Proxy,4:38,Martin Garrix,Gold Skies - EP,Dance,0,11,2014
Breach (Walk Alone),2:58,Martin Garrix & Blinders,Bylaw - EP,Dance,0,11,2018
Latency,3:24,Martin Garrix & Dyro,Bylaw - EP,Dance,0,11,2018
R.I.C.O. (feat. Drake),3:17,Meek Mill,Dreams Worth More Than Money,Hip-Hop/Rap,0,11,2015
ID10 (Mixed),3:53,Rezz,Nightmare on REZZ Street (DJ Mix),Electronic,0,11,2018
Light (Crankdat Re-Crank) [Mixed],1:33,San Holo,Marshmello Fortnite Extended Set (DJ Mix),Dance,0,11,2019
Childhood (Mixed),2:35,SLVR,Martin Garrix Presents STMPD RCRDS (DJ Mix),Dance,0,11,2018
Waste It on Me (feat. BTS),3:13,Steve Aoki,Neon Future III,Dance,0,11,2018
We Could Be Kings (feat. TZAR),3:13,Zeds Dead & DNMO,We Could Be Kings (feat. TZAR) - Single,Dance,0,11,2018
Faded,3:43,ZHU,THE NIGHTDAY - EP,Dance,0,11,2014
Cutting Ties,4:22,6LACK,Cutting Ties - Single,R&B/Soul,0,11,2018
Spice Girl,2:54,Aminé,Good For You,Hip-Hop/Rap,0,10,2017
Dope Game,3:39,Baka Not Nice,4Milli,Hip-Hop/Rap,0,10,2018
Every Little Thing,3:20,The Black Keys,Let's Rock,Alternative,0,10,2019
Baller (Mixed),2:46,CMC$ & Crossnaders,Martin Garrix Presents STMPD RCRDS (DJ Mix),Dance,0,10,2018
Thing For You,3:11,David Guetta & Martin Solveig,Thing For You - Single,Dance,0,10,2019
Hey Baby (feat. Deb's Daughter),3:11,Dimitri Vegas & Like Mike & Diplo,Hey Baby (feat. Deb's Daughter) - Single,Dance,0,10,2016
Where You Come From,4:00,Disclosure,Moonlight - EP,Electronic,0,10,2018
Take Care (feat. Rihanna),4:37,Drake,Take Care (Deluxe Version),Hip-Hop/Rap,0,10,2011
Lose It (feat. Vic Mensa),3:46,Flume,Skin,Electronic,0,10,2016
Fine China,2:22,Future & Juice WRLD,Future & Juice WRLD Present... WRLD ON DRUGS,Hip-Hop/Rap,0,10,2018
Outstanding,3:01,Gunna,Drip or Drown 2,Hip-Hop/Rap,0,10,2019
Cheezus,3:23,Habstrakt,My People - EP,Electronic,0,10,2015
Keeping,3:40,Izzard,Keeping,Electronic,0,10,2018
Disarm You (feat. Ilsey),3:41,Kaskade,Automatic,Dance,0,10,2015
Falling Down (Bonus Track),3:16,Lil Peep & XXXTENTACION,"Come Over When You're Sober, Pt. 2 (Bonus)",Hip-Hop/Rap,0,10,2018
Alright (feat. Big Sean),3:38,Logic,Under Pressure (Deluxe Version),Hip-Hop/Rap,0,10,2014
Love No More,2:49,Loud Luxury & anders,Love No More - Single,Dance,0,10,2018
Save Me from Myself,3:32,"Louis The Child, NoMBe & Big Gigantic",Kids At Play - EP,Electronic,0,10,2018
No Complaints (feat. Offset & Drake) [Bonus],4:25,Metro Boomin,NOT ALL HEROES WEAR CAPES,Hip-Hop/Rap,0,10,2017
Meet Me,3:13,Mickey Valen & noe,Meet Me - Single,Dance,0,10,2016
Stolen Dance,5:14,Milky Chance,Sadnecessary (Bonus Track Version),Alternative,0,10,2013
Heavey (Front Room Edit),4:21,Mom Tudie,Heavey (Front Room Edit) - Single,Jazz,0,10,2019
Firefly (feat. Nao),3:48,Mura Masa,Mura Masa,Electronic,0,10,2017
Loyal,3:28,ODESZA,Loyal - Single,Electronic,0,10,2017
ID2 (Mixed),1:40,Rezz,Nightmare on REZZ Street (DJ Mix),Electronic,0,10,2018
ID5 (Mixed),1:59,Rezz,Nightmare on REZZ Street (DJ Mix),Electronic,0,10,2018
brighter days,3:57,San Holo & Bipolar Sunshine,album1,Electronic,0,10,2018
Power is Power,3:31,SZA & The Weeknd & Travis Scott,For the Throne (Music Inspired by the HBO Series Game of Thrones),Pop,0,10,2019
Ride It (Mixed),2:17,Todd Helder,Martin Garrix Presents STMPD RCRDS (DJ Mix),Dance,0,10,2018
Dip,3:16,Tyga & Nicki Minaj,Dip - Single,Hip-Hop/Rap,0,10,2018
Lil Boat,3:01,88GLAM,88GLAM2,Hip-Hop/Rap,0,10,2018
"The Mattress REMIX (feat. A$AP Rocky, Playboi Carti, Rich The Kid & Famous Dex)",4:33,A$AP Ferg,Still Striving,Hip-Hop/Rap,0,9,2017
Wild for the Night (feat. Skrillex & Birdy Nam Nam),3:33,A$AP Rocky,LONG.LIVE.A$AP (Deluxe Version),Hip-Hop/Rap,0,9,2013
Invincible,3:16,Aminé,Spider-Man: Into the Spider-Verse (Soundtrack From & Inspired by the Motion Picture),Soundtrack,0,9,2018
Center of the Universe (Radio Edit),3:38,Axwell,Center of the Universe (Radio Edit) - Single,Dance,0,9,1980
Tep Tep,3:15,Baauer,Tep Tep - Single,Electronic,0,9,2018
Next Girl,3:18,The Black Keys,Brothers,Alternative,0,9,2010
Looking For Your Love,2:57,DallasK,Looking For Your Love - Single,Electronic,0,9,2018
Some Chords,7:23,deadmau5,4X4=12,Dance,0,9,2010
Sofi Needs a Ladder,6:42,deadmau5,4X4=12,Dance,0,9,2010
"Welcome to the Party (feat. Zhavia Ward) [From the ""Deadpool 2"" Original Motion Picture Soundtrack]",3:02,"Diplo, French Montana & Lil Pump","Welcome to the Party (feat. Zhavia Ward) [From the ""Deadpool 2"" Original Motion Picture Soundtrack] - Single",Soundtrack,0,9,2018
Try Not to Love You (feat. Matluck) [Mixed],3:38,Dzeko & Aspyer,Martin Garrix Presents STMPD RCRDS (DJ Mix),Dance,0,9,2018
No Stylist (feat. Drake),3:12,French Montana,No Stylist - Single,Hip-Hop/Rap,0,9,2018
Made for You (Alone Again),4:43,Getter,Visceral,Electronic,0,9,2018
Genesis,4:15,Grimes,Visions,Electronic,0,9,2012
Remember,3:42,Gryffin & ZOHARA,Remember - Single,Dance,0,9,2018
Photograph,3:39,J. Cole,KOD,Hip-Hop/Rap,0,9,2018
My Bad,2:44,Khalid,Free Spirit,R&B/Soul,0,9,2019
Breathe,3:58,Lauv,I met you when I was 18. (the playlist),Pop,0,9,2016
1-800-273-8255 (feat. Alessia Cara & Khalid),4:10,Logic,Everybody,Hip-Hop/Rap,0,9,2017
All on You (Mixed),1:52,LOOPERS,Martin Garrix Presents STMPD RCRDS (DJ Mix),Dance,0,9,2018
"Tied Up (feat. Mr Eazi, RAYE & Jake Gosling)",3:07,Major Lazer,"Tied Up (feat. Mr Eazi, RAYE & Jake Gosling) - Single",Electronic,0,9,2018
Mystery (Mixed),2:40,Matisse & Sadko,Martin Garrix Presents STMPD RCRDS (DJ Mix),Dance,0,9,2018
Ego,3:52,Milky Chance,Blossom (Deluxe),Alternative,0,9,2017
Shoota (feat. Lil Uzi Vert),2:34,Playboi Carti,Die Lit,Hip-Hop/Rap,0,9,2018
ID1 (Mixed),1:35,Rezz,Nightmare on REZZ Street (DJ Mix),Electronic,0,9,2018
ID8 (Mixed),3:29,Rezz,Nightmare on REZZ Street (DJ Mix),Electronic,0,9,2018
always on my mind (feat. James Vincent McMorrow & Yvette Young),3:41,San Holo,album1,Electronic,0,9,2018
Like That (Mixed),4:06,Silque,Martin Garrix Presents STMPD RCRDS (DJ Mix),Dance,0,9,2018
100 (feat. Symphonic),3:28,Vini Vici & Timmy Trumpet,100 (feat. Symphonic) - Single,Dance,0,9,2018
In the Night,3:56,The Weeknd,Beauty Behind the Madness,R&B/Soul,0,9,2015
When I'm Down,2:45,Whethan & Oliver Tree,When I'm Down - Single,Electronic,0,9,2016
"F**kin' Problems (feat. Drake, 2 Chainz & Kendrick Lamar)",3:54,A$AP Rocky,LONG.LIVE.A$AP (Deluxe Version),Hip-Hop/Rap,0,8,2013
Crash 2.0 (Adventure Club vs. DallasK),4:15,Adventure Club & DallasK,Red // Blue,Dance,0,8,2016
Badman (Torro Torro Remix),3:53,Autoerotique & Max Styler,Badman (Remixes) - EP,Dance,0,8,2015
Dancing Alone,4:14,Axwell Λ Ingrosso & RØMANS,Dancing Alone - Single,Dance,0,8,2018
MIA (feat. Drake),3:30,Bad Bunny,MIA (feat. Drake) - Single,Latino,0,8,2018
The Street (Mixed),3:27,Bart B More,Martin Garrix Presents STMPD RCRDS (DJ Mix),Dance,0,8,2018
Gold On the Ceiling,3:44,The Black Keys,El Camino,Alternative,0,8,2011
Under The Gun,3:16,The Black Keys,Let's Rock,Alternative,0,8,2019
Zombie (feat. Panther),3:21,Black Tiger Sex Machine,New Worlds,Dance,0,8,2018
Drama Free (feat. Lights) [Chris Lorenzo Remix],3:32,deadmau5,mau5ville: Level 2,Dance,0,8,2018
Raise Your Weapon,8:23,deadmau5,4X4=12,Dance,0,8,2010
Melody (Radio Mix),3:43,"Dimitri Vegas & Like Mike, Steve Aoki & Ummet Ozcan",Melody (Radio Mix) - Single,Dance,0,8,2016
Successful (feat. Trey Songz & Lil Wayne),6:15,Drake,So Far Gone,Hip-Hop/Rap,0,8,2009
Bring It Down (Mixed),2:38,Dyro,Martin Garrix Presents STMPD RCRDS (DJ Mix),Dance,0,8,2018
Drummacine (Mixed),2:15,LOOPERS,Martin Garrix Presents STMPD RCRDS (DJ Mix),Dance,0,8,2018
Blow That Smoke (feat. Tove Lo),3:43,Major Lazer,Blow That Smoke (feat. Tove Lo) - Single,Pop,0,8,2018
The Only Way Is Up (Radio Edit),3:09,Martin Garrix & Tiësto,The Only Way Is Up - Single,Dance,0,8,2015
Going Bad (feat. Drake),3:01,Meek Mill,Championships,Hip-Hop/Rap,0,8,2018
Baller (feat. Georgie Keller) [Mixed],3:24,Osrin & Tom Martin,Martin Garrix Presents STMPD RCRDS (DJ Mix),Dance,0,8,2018
Lonely (feat. The Rigs),3:31,Rezz,Beyond the Senses - EP,Electronic,0,8,2019
ID4 (Mixed),1:18,Rezz,Nightmare on REZZ Street (DJ Mix),Electronic,0,8,2018
ID7 (Mixed),3:02,Rezz,Nightmare on REZZ Street (DJ Mix),Electronic,0,8,2018
surface (feat. Caspian),6:02,San Holo,album1,Electronic,0,8,2018
Gold Skies (feat. Aleesia),5:28,"Sander van Doorn, Martin Garrix & DVBBS",Gold Skies - EP,Dance,2,8,2014
The Less I Know the Better,3:39,Tame Impala,Currents,Alternative,0,8,2015
Big Fish,3:18,Vince Staples,Big Fish Theory,Hip-Hop/Rap,0,8,2017
Chakra,3:23,W&W & Vini Vici,Chakra - Single,Dance,0,8,2017
Chanel (Go Get It) [feat. Gunna & Lil Baby],3:22,Young Thug,Slime Language,Hip-Hop/Rap,0,8,2018
Air For Life,7:28,Above & Beyond,Tri-State,Dance,0,7,2005
Faded (Tungevaag & Raaban Remix),4:12,Alan Walker,Faded (Remixes) - EP,Dance,0,7,2016
BLACKJACK,1:57,Aminé,ONEPOINTFIVE,Hip-Hop/Rap,0,7,2018
Lonely Boy,3:13,The Black Keys,El Camino,Alternative,0,7,2011
Lo/Hi,2:58,The Black Keys,Let's Rock,Alternative,0,7,2019
Tell Me Lies,3:40,The Black Keys,Let's Rock,Alternative,0,7,2019
Burnin,3:55,Calvin Harris & R3HAB,Motion,Dance,0,7,2014
Monophobia (feat. Rob Swire),3:35,deadmau5,mau5ville: Level 1,Dance,0,7,2018
Stampede,4:17,"Dimitri Vegas & Like Mike, DVBBS & Borgeous",We Were Young,Dance,0,7,2013
Omertà,3:40,Drake,The Best In The World Pack - Single,Hip-Hop/Rap,0,7,2019
14-Mar,5:10,Drake,Scorpion,Hip-Hop/Rap,0,7,2018
IDWK,3:00,DVBBS & blackbear,IDWK - Single,Dance,0,7,2018
Numb (feat. Allan Kingdom),4:59,Getter,Visceral,Electronic,0,7,2018
Something Like,4:17,Good Times Ahead,mau5ville: Level 1,Dance,0,7,2018
3 Headed Snake (feat. Young Thug),4:02,Gunna,Drip or Drown 2,Hip-Hop/Rap,0,7,2019
About You,3:26,Habstrakt,About You - Single,Electronic,0,7,2018
Vibin,3:15,Habstrakt,Vibin - Single,Electronic,0,7,2018
Work Out,3:55,J. Cole,Cole World: The Sideline Story,R&B/Soul,0,7,2011
Wet Dreamz,3:59,J. Cole,2014 Forest Hills Drive,Hip-Hop/Rap,0,7,2014
Missing You,3:52,Kaskade & School of Seven Bells,Atmosphere (Deluxe Version),Dance,0,7,2013
Self,3:50,Khalid,Free Spirit,R&B/Soul,0,7,2019
Memories (feat. Sirah),5:05,KSHMR & Bassjackers,Memories (feat. Sirah) - Single,Dance,0,7,2015
Error 404,5:34,Martin Garrix & Jay Hardway,Error 404 - Single,Dance,0,7,2013
Only You (feat. Wizkid & Offset),3:39,Metro Boomin & J Balvin,NOT ALL HEROES WEAR CAPES,Hip-Hop/Rap,0,7,2018
Doing Good,4:11,Milky Chance,Blossom (Deluxe),Alternative,0,7,2017
Dark Age,3:42,Rezz,Beyond the Senses - EP,Electronic,0,7,2019
love (wip) [feat. Cassini],4:23,San Holo,album1,Electronic,0,7,2018
Light,4:00,San Holo,Light - Single,Dance,0,7,2016
forever free,6:22,San Holo & Duskus,album1,Electronic,0,7,2018
Nah Tell Dem,3:05,"Sanjin, Walshy Fire & Salvatore Ganacci",Nah Tell Dem - Single,Reggae,0,7,2016
First of the Year (Equinox),4:22,Skrillex,More Monsters and Sprites,Dance,0,7,2011
Freaky,2:54,Tory Lanez,Freaky - Single,Hip-Hop/Rap,0,7,2019
Goh (feat. KLP),3:36,What So Not & Skrillex,Not All the Beautiful Things,Dance,0,7,2018
Tints (feat. Kendrick Lamar),4:28,Anderson .Paak,Tints (feat. Kendrick Lamar) - Single,Hip-Hop/Rap,0,6,2018
King James,3:18,Anderson .Paak,Ventura,R&B/Soul,0,6,2019
SOS (feat. Aloe Blacc),2:37,Avicii,SOS (feat. Aloe Blacc) - Single,Dance,0,6,2019
Little Black Submarines,4:11,The Black Keys,El Camino,Alternative,0,6,2011
Walk Across The Water,3:56,The Black Keys,Let's Rock,Alternative,0,6,2019
Sit Around And Miss You,2:41,The Black Keys,Let's Rock,Alternative,0,6,2019
Fever,4:06,The Black Keys,Turn Blue,Alternative,0,6,2014
Magic Trick (feat. Juicy J),2:53,Borgore,Magic Trick (feat. Juicy J) - Single,Dance,0,6,2016
"No Brainer (feat. Justin Bieber, Chance the Rapper & Quavo)",4:20,DJ Khaled,"No Brainer (feat. Justin Bieber, Chance the Rapper & Quavo) - Single",Hip-Hop/Rap,0,6,2018
Say What's Real,3:51,Drake,So Far Gone,Hip-Hop/Rap,0,6,2009
Forgot How To Dream (feat. K.Flay),2:56,Ekali,Forgot How To Dream (feat. K.Flay) - Single,Electronic,0,6,2018
Crushed Up,2:30,Future,Future Hndrxx Presents: The WIZRD,Hip-Hop/Rap,0,6,2019
Crashing (feat. Bahari),3:50,Illenium,Crashing (feat. Bahari) - Single,Dance,0,6,2019
Wat's Wrong (feat. Zacari & Kendrick Lamar),5:31,Isaiah Rashad,The Sun's Tirade,Hip-Hop/Rap,0,6,2016
Better,3:49,Khalid,Free Spirit,R&B/Soul,0,6,2018
Think About You (feat. Valerie Broussard) [Galantis Remix],3:01,Kygo,Think About You (feat. Valerie Broussard) [Galantis Remix] - Single,Dance,0,6,2019
Carry On (From “POKÉMON Detective Pikachu”),3:35,Kygo & Rita Ora,Carry On (From “POKÉMON Detective Pikachu”) - Single,Dance,0,6,2019
Sanguine Paradise,4:04,Lil Uzi Vert,Sanguine Paradise - Single,Hip-Hop/Rap,0,6,2019
Falling (Whethan Redo),3:10,Opia & Whethan,Falling (Whethan Redo) - Single,Electronic,0,6,2016
Intro (Mixed),1:38,Rezz,Nightmare on REZZ Street (DJ Mix),Electronic,0,6,2018
Lifestyle (feat. Young Thug & Rich Homie Quan),4:30,Rich Gang,Lifestyle (feat. Young Thug & Rich Homie Quan) - Single,Hip-Hop/Rap,0,6,2014
Show Me (feat. DallasK),3:00,Tiësto,"Club Life, Vol. 4 - New York City",Dance,0,6,2015
Rotator (Mixed),4:21,VAN DUO,Martin Garrix Presents STMPD RCRDS (DJ Mix),Dance,0,6,2018
Ghost Voices,4:26,Virtual Self,Virtual Self - EP,Electronic,0,6,2017
Blinding Lights,3:22,The Weeknd,Blinding Lights - Single,R&B/Soul,0,6,2019
Let Me Take You (feat. Jeremih),2:49,Whethan,Let Me Take You (feat. Jeremih) - Single,Electronic,0,6,2019
Too Many Gods,2:30,A$AP Rocky & Joey Bada$$,For the Throne (Music Inspired by the HBO Series Game of Thrones),Hip-Hop/Rap,0,5,2019
Fire Walk With Me,2:58,The Black Keys,Let's Rock,Alternative,0,5,2019
Toca (feat. Timmy Trumpet & KSHMR),3:41,Carnage,Toca (feat. Timmy Trumpet & KSHMR) - Single,Dance,0,5,2015
X's (feat. Icona Pop) [Mixed],3:27,CMC$ & GRX,Martin Garrix Presents STMPD RCRDS (DJ Mix),Dance,0,5,2018
The House of House,4:27,"Dimitri Vegas & Like Mike, Vini Vici & Cherry Moon Trax",The House of House - Single,Dance,0,5,2018
The Other,3:09,Lauv,I met you when I was 18. (the playlist),Pop,0,5,2015
Love No More (Fedde Le Grand Remix),2:46,Loud Luxury & anders,Love No More (Fedde Le Grand Remix) - Single,Dance,0,5,2018
Nightshade,3:01,The Lumineers,For the Throne (Music Inspired by the HBO Series Game of Thrones),Alternative,0,5,2019
Forbidden Voices,3:47,Martin Garrix,Forbidden Voices - Single,Dance,0,5,2015
Radio Silence (Ryan Riback Remix),2:57,R3HAB & Jocelyn Alice,Radio Silence (Ryan Riback Remix) - Single,Dance,0,5,2018
Falling,3:29,Rezz & Underoath,Beyond the Senses - EP,Electronic,0,5,2019
Gin and Juice (feat. Dat N***a Daz),3:31,Snoop Dogg,Doggystyle,Hip-Hop/Rap,0,5,1993
Ten Seconds Before Sunrise,7:31,Tiësto,Elements of Life,Dance,0,5,2007
Gaia,3:15,"Vini Vici, Blastoyz & Jean Marie",Gaia - Single,Dance,0,5,2018
Darkside (feat. Au/Ra & Tomine Harket),3:32,Alan Walker,Darkside (feat. Au/Ra & Tomine Harket) - Single,Dance,0,4,2018
Different World (feat. CORSAK),3:23,"Alan Walker, K-391 & Sofia Carson",Different World (feat. CORSAK) - Single,Dance,0,4,2018
Great Spirit (feat. Hilight Tribe) [Extended Mix],7:38,Armin van Buuren & Vini Vici,Great Spirit (feat. Hilight Tribe) - Single,Dance,0,4,2016
Great Spirit (feat. Hilight Tribe) [Extended Mix],7:38,Armin van Buuren & Vini Vici,Tomorrowland 2017: Amicorum Spectaculum,Dance,0,4,2016
Armada,3:42,Black Tiger Sex Machine & LeKtriQue,Welcome To Our Church,Dance,0,4,2016
Siren,2:54,The Chainsmokers & Aazar,Sick Boy,Dance,0,4,2018
Magnets (feat. Lorde),3:19,Disclosure,Caracal (Deluxe),Electronic,0,4,2015
I'm Upset,3:34,Drake,Scorpion,Hip-Hop/Rap,0,4,2018
November 18th,3:08,Drake,So Far Gone,Hip-Hop/Rap,0,4,2009
Best I Ever Had,4:18,Drake,So Far Gone,Hip-Hop/Rap,0,4,2009
Feel the Love (feat. Pusha T),2:45,KIDS SEE GHOSTS,KIDS SEE GHOSTS,Hip-Hop/Rap,0,4,2018
I'm Not Alright,3:05,Loud Luxury & Bryce Vine,I'm Not Alright - Single,Dance,0,4,2019
Wild Roses,4:03,Of Monsters and Men,FEVER DREAM,Alternative,0,4,2019
Go to Mars (feat. Tee Grizzley),2:32,PnB Rock,TrapStar Turnt PopStar,Hip-Hop/Rap,0,4,2019
Up All Night (feat. Fiora),2:42,R3HAB & MOTi,Up All Night (feat. Fiora) - Single,Dance,0,4,2018
Kiss of Death,3:20,Rezz & Deathpact,Beyond the Senses - EP,Electronic,0,4,2019
Your Soul Will Never Be Released,2:35,Rezz & Sayer,Beyond the Senses - EP,Electronic,0,4,2019
everything matters (when it comes to you),5:36,San Holo,album1,Electronic,0,4,2018
Memories,3:54,San Holo,Cosmos - EP,Electronic,0,4,2014
One Thing,3:54,San Holo,One Thing - Single,Dance,0,4,2017
Fts (Original),5:29,Showtek,Reverze 2013,Dance,0,4,2007
Ragga Bomb,4:19,Skrillex,Recess,Dance,0,4,2014
Elephant,3:31,Tame Impala,Lonerism,Alternative,0,4,2012
Superlove (feat. Oh Wonder),3:05,Whethan,Superlove (feat. Oh Wonder) - Single,Electronic,0,4,2018
United (feat. Zafrir),3:37,"Armin van Buuren, Vini Vici & Alok",United (feat. Zafrir) - Single,Dance,0,3,2018
The Grave,5:32,Black Tiger Sex Machine & Apashe,The Grave - Single,Dance,0,3,2014
Forbes,3:26,Borgore & G-Eazy,Forbes - Single,Dance,0,3,2015
Who Do You Love,3:47,The Chainsmokers & 5 Seconds of Summer,World War Joy,Dance,0,3,2019
Houstatlantavegas,4:51,Drake,So Far Gone,Hip-Hop/Rap,0,3,2009
homebody,3:09,Kamal.,Homebody - Single,R&B/Soul,0,3,2020
Karate,3:30,R3HAB & KSHMR,Karate (Mixes) - Single,Dance,0,3,2014
voices in my head (feat. The Nicholas),4:52,San Holo,album1,Electronic,0,3,2018
KeeP IN tOUcH  (feat. Bryson Tiller),3:19,Tory Lanez,KeeP IN tOUcH  (feat. Bryson Tiller) - Single,R&B/Soul,0,3,2018
Too Soon (feat. Maty Noyes),3:56,Vanic,Too Soon (feat. Maty Noyes) - Single,Dance,0,3,2017
Heartless,3:18,The Weeknd,After Hours (Deluxe),R&B/Soul,0,3,2019
First Class (feat. Gunna),3:11,Blueface,Find the Beat,Hip-Hop/Rap,0,2,2019
Squad (feat. Dahn Farro),4:42,Borgore & Getter,Keep It Sexy - EP,Dance,0,2,2015
Under the Sun (feat. DaBaby),3:22,"Dreamville, J. Cole & Lute",Revenge of the Dreamers III,Hip-Hop/Rap,0,2,2019
Sadness is a Shade of Blue,3:38,Låpsley,Through Water,Electronic,0,2,2020
Used To Love,3:57,Martin Garrix & Dean Lewis,Used To Love - Single,Dance,0,2,2019
Be Somebody (feat. Kiiara),3:18,Steve Aoki & Nicky Romero,Be Somebody (feat. Kiiara) - Single,Dance,0,2,2018
SKELETONS,2:26,Travis Scott,ASTROWORLD,Hip-Hop/Rap,0,2,2018
The Tribe,7:48,Vini Vici,Future Classics,Trance,0,2,2015
Wigs (feat. Asian Doll),3:41,A$AP Ferg,Wigs (feat. Asian Doll) - Single,Hip-Hop/Rap,0,1,2019
Great Spirit (feat. Hilight Tribe),3:36,Armin van Buuren & Vini Vici,Great Spirit (feat. Hilight Tribe) - Single,Dance,0,1,2015
Breaking Down,3:25,The Black Keys,Let's Rock,Alternative,0,1,2019
Algorhythm,3:32,Childish Gambino,3.15.20,Hip-Hop/Rap,0,1,2020
Time,6:07,Childish Gambino,3.15.20,Pop,0,1,2020
Friends (feat. Reo Cragun),3:44,Flume,Friends (feat. Reo Cragun) - Single,Electronic,0,1,2019
No Limit (feat. A$AP Rocky & Cardi B),4:05,G-Eazy,The Beautiful & Damned,Hip-Hop/Rap,0,1,2017
Know Your Worth,3:01,Khalid & Disclosure,Know Your Worth - Single,R&B/Soul,0,1,2020
Bean (Kobe) [feat. Chief Keef],3:59,Lil Uzi Vert,Eternal Atake (Deluxe) - LUV vs. The World 2,Hip-Hop/Rap,0,1,2020
Stress,3:21,Rezz & EDDIE,Beyond the Senses - EP,Electronic,0,1,2019
Too Fast,4:56,Sonder,Into,R&B/Soul,0,1,2017
Too Late,4:00,The Weeknd,After Hours,R&B/Soul,0,1,2020
Gemini (feat. George Maple),4:30,What So Not,Gemini (feat. George Maple) - Single,Dance,0,1,2015
Savage (feat. Flux Pavilion & MAX),3:25,Whethan,Savage (feat. Flux Pavilion & MAX) - Single,Electronic,0,1,2016
Mememe,2:21,bbno$ & Lentra,Mememe - Single,Hip-Hop/Rap,0,,2020
Don't,3:18,Bryson Tiller,T R A P S O U L,R&B/Soul,0,,2015
12.38,6:32,Childish Gambino,3.15.20,Hip-Hop/Rap,0,,2020
Cardigan,2:39,Don Toliver,Heaven Or Hell,Hip-Hop/Rap,0,,2020
Delete Forever,3:57,Grimes,Delete Forever - Single,Electronic,0,,2020
WHATS POPPIN,2:20,Jack Harlow,WHATS POPPIN - Single,Hip-Hop/Rap,0,,2020
OUT WEST (feat. Young Thug),2:38,JACKBOYS & Travis Scott,JACKBOYS,Hip-Hop/Rap,0,,2019
decline,2:18,Kamal.,Two Missed Calls - Single,R&B/Soul,0,,2019
smilingdownthephone,3:23,Kamal.,Two Missed Calls - Single,R&B/Soul,0,,2019
Always Be Gangsta Freestyle,3:19,Kevin Gates,Always Be Gangsta Freestyle - Single,Hip-Hop/Rap,0,,2020
Falling Short,3:30,Låpsley,Understudy - EP,Electronic,0,,2015
All Star (feat. Lil Tjay),3:00,Lil Tecca,All Star (feat. Lil Tjay) - Single,Hip-Hop/Rap,0,,2020
Myron,3:45,Lil Uzi Vert,Eternal Atake (Deluxe) - LUV vs. The World 2,Hip-Hop/Rap,0,,2020
One More Year,5:22,Tame Impala,The Slow Rush,Alternative,0,,2020
K Lo K (feat. Fivio Foreign),3:05,Tory Lanez,K Lo K (feat. Fivio Foreign) - Single,Hip-Hop/Rap,0,,2020
W,1:53,Tory Lanez,W - Single,Hip-Hop/Rap,0,,2020
Dressed in White,3:03,TS Graye,Dressed in White - Single,Pop,0,,2020
Alone Again,4:10,The Weeknd,After Hours,R&B/Soul,0,,2020
Snowchild,4:07,The Weeknd,After Hours,R&B/Soul,0,,2020
Heartless,3:18,The Weeknd,After Hours,R&B/Soul,0,,2020
In Your Eyes,3:58,The Weeknd,After Hours,R&B/Soul,0,,2020
All In My Head (feat. grandson),2:28,Whethan,All In My Head (feat. grandson) - Single,Alternative,0,,2020