Bedtime Stories (feat. The Weeknd) [From SR3MM],4:53,"Rae Sremmurd, Swae Lee & Slim Jxmmi",SR3MM,Hip-Hop/Rap,0,28,2018
Both of Us (feat. Stor-I),3:18,Yellow Claw,Both of Us (feat. Stor-I) - Single,Dance,0,28,2017
"It's a Vibe (feat. Ty Dolla $ign, Trey Songz & Jhené Aiko)",3:30,2 Chainz,Pretty Girls Like Trap Music,Hip Hop/Rap,0,28,2017
DR. WHOEVER,4:19,Aminé,ONEPOINTFIVE,Hip-Hop/Rap,0,27,2018
"Biking (feat. JAY Z & Tyler, the Creator)",4:38,Frank Ocean,"Biking (feat. JAY Z & Tyler, the Creator) - Single",Pop,0,27,2017
Mask Off (Marshmello Remix),2:59,Future,Mask Off (Marshmello Remix) - Single,Dance,0,27,2017
Ultralight Beam,5:21,Kanye West,The Life of Pablo,Hip-Hop/Rap,0,27,2016
All Mine,2:26,Kanye West,ye,Hip-Hop/Rap,0,27,2018
Wouldn't Leave (feat. PARTYNEXTDOOR),3:26,Kanye West,ye,Hip-Hop/Rap,0,27,2018
i,5:36,Kendrick Lamar,To Pimp a Butterfly,Hip-Hop/Rap,0,27,2014
XO TOUR Llif3,3:03,Lil Uzi Vert,XO TOUR Llif3 - Single,Hip-Hop/Rap,0,27,2017
Lonely,3:35,NAV,NAV,Hip-Hop/Rap,0,27,2017
Come Get Her,3:33,Rae Sremmurd,SremmLife,Hip-Hop/Rap,0,27,2015
Toxin,3:27,Rezz & Fytch,Certain Kind of Magic,Electronic,0,27,2018
Superhuman (feat. Eric Leva),4:29,SLANDER,Superhuman (feat. Eric Leva) - Single,Dance,0,27,2017
I Sip,3:16,Tory Lanez,I Sip - Single,R&B/Soul,0,27,2017
B.I.D,2:44,Tory Lanez,MEMORIES DON'T DIE,Hip-Hop/Rap,0,27,2018
Wilted by June,4:04,Babylung,Look What You Did,Hip-Hop/Rap,0,26,2017
Miss You,3:06,"Cashmere Cat, Major Lazer & Tory Lanez",Miss You - Single,Electronic,0,26,2018
Blood On the Leaves,6:00,Kanye West,Yeezus,Hip-Hop/Rap,0,26,2013
Mercy,5:26,"Kanye West, Big Sean, Pusha T & 2 Chainz",Young Gunz,Hip-Hop/Rap,0,26,2012
Black Panther,2:11,Kendrick Lamar,Black Panther The Album Music From And Inspired By,Hip-Hop/Rap,0,26,2018
XXX. (FEAT. U2.),4:14,Kendrick Lamar,DAMN.,Hip Hop/Rap,0,26,2017
Better Not,3:43,Louis The Child & Wafia,Kids At Play - EP,Electronic,0,26,2018
Wow.,2:30,Post Malone,Wow. - Single,Hip-Hop/Rap,0,26,2018
Afterhours (feat. Diplo & Nina Sky),4:36,TroyBoi,Afterhours (feat. Diplo & Nina Sky) - Single,Electronic,0,26,2015
Redemption Interlude,1:25,Zacari,Black Panther The Album Music From And Inspired By,Hip-Hop/Rap,0,26,2018
Bali (feat. NAV),3:05,88GLAM,88Glam Reloaded,Hip-Hop/Rap,0,26,2017
bad guy,3:14,Billie Eilish,"WHEN WE ALL FALL ASLEEP, WHERE DO WE GO?",Alternative,0,25,2019
Say A',3:35,A Boogie wit da Hoodie,The Bigger Artist,Hip-Hop/Rap,0,25,2017
Parallel Lines (feat. CMC$ & Happy Sometimes),3:20,DVBBS,Blood of My Blood,Dance,0,25,2017
Blame,2:57,Ekali & ZHU,Blame - Single,Electronic,0,25,2018
1942 (feat. Yo Gotti & YBN Nahmir),3:33,G-Eazy,1942 (feat. Yo Gotti & YBN Nahmir) - Single,Hip-Hop/Rap,0,25,2018
Both (Remix) [feat. Drake & Lil Wayne],4:12,Gucci Mane,Both (Remix) [feat. Drake & Lil Wayne] - Single,Hip-Hop/Rap,0,25,2017
Saint Pablo,6:12,Kanye West,The Life of Pablo,Hip-Hop/Rap,0,25,2016
Lift Yourself,2:28,Kanye West,Lift Yourself - Single,Hip-Hop/Rap,0,25,2018
Old Town Road (feat. Billy Ray Cyrus) [Remix],2:37,Lil Nas X,Old Town Road (feat. Billy Ray Cyrus) [Remix] - Single,Country,0,25,2019
Body (feat. Brando),2:43,Loud Luxury,Body (feat. Brando) - Single,Dance,0,25,2017
Stunner,4:48,Milky Chance,Sadnecessary (Bonus Track Version),Alternative,0,25,2013
If I Lose Myself (Alesso vs OneRepublic),3:34,OneRepublic & Alesso,If I Lose Myself (Alesso vs OneRepublic) - Single,Dance,0,25,2013
Taste (feat. Offset),3:53,Tyga,Taste (feat. Offset) - Single,Hip-Hop/Rap,0,25,2018
Collapse (feat. Memorecks),4:44,Zeds Dead,Somewhere Else,Dance,0,25,2014
Stucco,2:05,bbno$ & Y2K,Recess,Hip-Hop/Rap,0,24,2019
Get It Right (feat. MØ & GoldLink) [Remix],2:52,Diplo,Get It Right (feat. MØ & GoldLink) [Remix] - Single,Electronic,0,24,2018
For Free (feat. Drake),3:04,DJ Khaled,For Free (feat. Drake) - Single,Hip-Hop/Rap,0,24,2016
Summer Games,4:08,Drake,Scorpion,Hip-Hop/Rap,0,24,2018
Parallel Lines (feat. CMC$ & Happy Sometimes),3:20,DVBBS,Parallel Lines (feat. CMC$ & Happy Sometimes) - Single,Electronica,0,24,2017
Hyperreal (feat. Kučka),4:14,Flume,Hyperreal (feat. Kučka) - Single,Electronic,0,24,2017
Mask Off (feat. Kendrick Lamar) [Remix],4:18,Future,FUTURE,Hip Hop/Rap,0,24,2017
Late Night,3:48,ODESZA,A Moment Apart,Electronic,0,24,2017
Candy Paint,3:48,Post Malone,beerbongs & bentleys,Hip-Hop/Rap,0,24,2017
Teleportal,3:41,Rezz & Kotek,Certain Kind of Magic,Electronic,0,24,2018
I Wanna Know (feat. Daya),3:27,RL Grime,I Wanna Know (feat. Daya) - Single,Electronic,0,24,2018
Paramedic!,3:39,SOB X RBE,Black Panther The Album Music From And Inspired By,Hip-Hop/Rap,0,24,2018
After Life (feat. Stacy Barthe),4:53,Tchami,After Life (feat. Stacy Barthe) - Single,Dance,0,24,2015
Shooters,3:28,Tory Lanez,Shooters - Single,Hip Hop/Rap,0,24,2017
Rolls Royce Bitch,3:59,2 Chainz,Pretty Girls Like Trap Music,Hip Hop/Rap,0,24,2017
Baby Girl,2:49,21 Savage,Issa Album,Hip Hop/Rap,0,24,2017
Heebiejeebies (feat. Kehlani) [Bonus],3:40,Aminé,Good For You,Hip-Hop/Rap,0,23,2017
Look Back at It,2:59,A Boogie wit da Hoodie,Hoodie SZN,Hip-Hop/Rap,0,23,2018
Car Sick (feat. NAV & Metro Boomin),3:40,Gunna,Drip Season 3 (Deluxe),Hip-Hop/Rap,0,23,2018
ATM,3:37,J. Cole,KOD,Hip-Hop/Rap,0,23,2018
Meant To Love You (feat. ROUXN),5:08,Jauz,Meant To Love You (feat. ROUXN) - Single,Dance,0,23,2017
444+222,4:07,Lil Uzi Vert,Luv Is Rage 2,Hip-Hop/Rap,0,23,2017
X,2:54,Lil Uzi Vert,Luv Is Rage 2,Hip-Hop/Rap,0,23,2017
Silence (feat. Khalid),3:01,Marshmello,Silence (feat. Khalid) - Single,Dance,0,23,2017
Pizza,4:15,Martin Garrix,Pizza - Single,Dance,0,23,2017
Burn Out (feat. Dewain Whitmore),3:20,Martin Garrix & Justin Mylo,Burn Out (feat. Dewain Whitmore) - Single,Dance,0,23,2018
Flashed Junk Mind,4:22,Milky Chance,Sadnecessary (Bonus Track Version),Alternative,0,23,2013
Sunflower (Spider-Man: Into the Spider-Verse),2:38,Post Malone & Swae Lee,Spider-Man: Into the Spider-Verse (Soundtrack From & Inspired by the Motion Picture),Hip-Hop/Rap,0,23,2018
Chicken Soup,3:27,Skrillex & Habstrakt,HOWSLA,Electronic,0,23,2017
HOUSTONFORNICATION,3:38,Travis Scott,ASTROWORLD,Hip-Hop/Rap,0,23,2018
Shinin' Bright,3:54,Tritonal,Shinin' Bright - Single,Dance,0,23,2017
7 Min Freestyle,7:12,21 Savage,Issa Album,Hip Hop/Rap,0,23,2017
Save Me (feat. Adara),2:51,Adventure Club & Terravita,Red // Blue,Dance,0,22,2016
Renegade,3:12,Axwell Λ Ingrosso,More Than You Know (Bonus Track Edition),Dance,0,22,2017
Everybody's Somebody (feat. Bully Songs),3:18,Don Diablo,FUTURE (Deluxe Edition),Dance,0,22,2018
Karate Chop (Remix) [feat. Lil Wayne],4:36,Future,Honest (Deluxe),Hip-Hop/Rap,0,22,2013
March Madness,4:05,Future,March Madness - Single,Hip-Hop/Rap,0,22,2015
Higher,4:34,Jauz x Netsky,3,Dance,0,22,2016
Talk,3:18,Khalid,Free Spirit,R&B/Soul,0,22,2019
Feel the Love (feat. Pusha T),2:45,KIDS SEE GHOSTS,KIDS SEE GHOSTS,Hip-Hop/Rap,0,22,2018
"Freeee (Ghost Town, Pt. 2) [feat. Ty Dolla $ign]",3:27,KIDS SEE GHOSTS,KIDS SEE GHOSTS,Hip-Hop/Rap,0,22,2018
Kids See Ghosts (feat. Yasiin Bey),4:05,KIDS SEE GHOSTS,KIDS SEE GHOSTS,Hip-Hop/Rap,0,22,2018
Yes Indeed,2:22,Lil Baby & Drake,Harder Than Ever,Hip-Hop/Rap,0,22,2018
Lollipop,4:59,Lil Wayne,Tha Carter III,Hip-Hop/Rap,0,22,2008
Animals,5:04,Martin Garrix,Gold Skies - EP,Dance,0,22,2014
Black Beatles (feat. Gucci Mane),4:52,Rae Sremmurd,SremmLife 2 (Deluxe),Hip-Hop/Rap,0,22,2016
Back To Life,3:17,Russ,Back To Life - Single,Hip-Hop/Rap,0,22,2018
The Formula,2:46,Russ,The Formula - Single,Hip-Hop/Rap,0,22,2015
X,4:27,"ScHoolboy Q, 2 Chainz, Saudi",Black Panther The Album Music From And Inspired By,Hip-Hop/Rap,0,22,2018
Skrt Skrt,2:54,Tory Lanez,Skrt Skrt - Single,R&B/Soul,0,22,2017
STOP TRYING TO BE GOD,5:38,Travis Scott,ASTROWORLD,Hip-Hop/Rap,0,22,2018
Pray For Me,3:31,"The Weeknd, Kendrick Lamar",Black Panther The Album Music From And Inspired By,Hip-Hop/Rap,0,22,2018
Love & War (feat. Yade Lauren),3:00,Yellow Claw,Los Amsterdam,Dance,0,22,2016
The Middle,3:05,"Zedd, Maren Morris & Grey",The Middle - Single,Dance,0,22,2018
Riverdale Rd,3:24,2 Chainz,Pretty Girls Like Trap Music,Hip Hop/Rap,0,22,2017
4 AM (feat. Travis Scott),4:16,2 Chainz,Pretty Girls Like Trap Music,Hip Hop/Rap,0,22,2017
Too Late Interlude,3:14,Babylung,Look What You Did,Hip-Hop/Rap,0,21,2017
Tribe,3:58,Bas & J. Cole,Milky Way,Hip-Hop/Rap,0,21,2018
Omen (feat. Sam Smith),3:50,Disclosure,Caracal (Deluxe),Electronic,0,21,2015
In My Feelings,3:38,Drake,Scorpion,Hip-Hop/Rap,0,21,2018
Successful (feat. Lil Wayne),5:52,Drake,So Far Gone - EP,Hip-Hop/Rap,0,21,2009
Emoji,2:32,Galantis,Emoji - Single,Dance,0,21,2018
"I Can't Hold On (feat. Dillon Francis, Wax Motif & Anna Lunoe)",3:23,Good Times Ahead,"Death to Genres, Vol. 3 - EP",Dance,0,21,2018
Curve (feat. The Weeknd),2:42,Gucci Mane,Mr. Davis,Hip-Hop/Rap,0,21,2017
The Cut Off (feat. kiLL edward),3:57,J. Cole,KOD,Hip-Hop/Rap,0,21,2018
Feel the Volume,3:50,Jauz,Feel the Volume - Single,Dance,0,21,2014
Frequency (feat. Kyle Pavone),4:40,Jauz & Adventure Club,The Wise and the Wicked,Dance,0,21,2018
King's Dead,3:45,"Jay Rock, Kendrick Lamar, Future, James Blake",Black Panther The Album Music From And Inspired By,Hip-Hop/Rap,0,21,2018
No Mistakes,2:03,Kanye West,ye,Hip-Hop/Rap,0,21,2018
4th Dimension (feat. Louis Prima),2:33,KIDS SEE GHOSTS,KIDS SEE GHOSTS,Hip-Hop/Rap,0,21,2018
i'm so tired...,2:43,Lauv & Troye Sivan,i'm so tired... - Single,Pop,0,21,2019
It's Strange (feat. K.Flay),4:06,Louis The Child,It's Strange (feat. K.Flay) - Single,Electronica,0,21,2015
Breaking News,3:33,Louis The Child & RAYE,Kids At Play - EP,Electronic,0,21,2018
Better Now,3:51,Post Malone,beerbongs & bentleys,Hip-Hop/Rap,0,21,2018
Hold On Tight,3:10,R3HAB & Conor Maynard,Hold On Tight - Single,Pop,0,21,2018
Snow White,4:22,Roy Woods,Snow White - Single,Hip-Hop/Rap,0,21,2018
Forever (Mixed),3:32,Taska Black,Martin Garrix Presents STMPD RCRDS (DJ Mix),Dance,0,21,2018
WAKE UP,3:52,Travis Scott,ASTROWORLD,Hip-Hop/Rap,0,21,2018
Alone (feat. Lauren Evans),4:04,Armin van Buuren,Intense (Bonus Track Version),Dance,0,20,2013
Pull Up N Wreck (feat. 21 Savage),3:48,Big Sean & Metro Boomin,Double Or Nothing,Hip-Hop/Rap,0,20,2017
Shine A Little Light,3:17,The Black Keys,Let's Rock,Alternative,0,20,2019
I Need Your Love (feat. Ellie Goulding),3:55,Calvin Harris,18 Months,Dance,0,20,2012
"Taki Taki (feat. Selena Gomez, Ozuna & Cardi B)",3:33,DJ Snake,"Taki Taki (feat. Selena Gomez, Ozuna & Cardi B) - Single",Dance,0,20,2018
Energy,3:02,Drake,If You're Reading This It's Too Late,Hip-Hop/Rap,0,20,2015
Go Back Home,3:55,FKJ,French Kiwi Juice,Electronic,0,20,2017
"1985 (Intro to ""The Fall Off"")",3:10,J. Cole,KOD,Hip-Hop/Rap,0,20,2018
The Ways,3:59,"Khalid, Swae Lee",Black Panther The Album Music From And Inspired By,Hip-Hop/Rap,0,20,2018
Spoil My Night (feat. Swae Lee),3:15,Post Malone,beerbongs & bentleys,Hip-Hop/Rap,0,20,2018
Witching Hour,3:13,Rezz,Certain Kind of Magic,Electronic,0,20,2018
"Dead Presidents (feat. Future, Jeezy & Yo Gotti)",4:28,Rick Ross,Rather You Than Me,Hip-Hop/Rap,0,20,2017
Untrue,5:06,Tchami,Untrue - Single,House,0,20,2013
SICKO MODE,5:13,Travis Scott,ASTROWORLD,Hip-Hop/Rap,0,20,2018
Jocelyn Flores,1:59,XXXTENTACION,17,Hip-Hop/Rap,0,20,2017
Fake Chanel (feat. A$AP Ferg & Creek Boyz),3:03,Yellow Claw,New Blood,Dance,0,20,2018
Cocky (feat. London On Da Track),3:52,"A$AP Rocky, Gucci Mane & 21 Savage",Cocky (feat. London On Da Track) - Single,Hip-Hop/Rap,0,19,2018
May Flowers,3:27,Babylung,Look What You Did,Hip-Hop/Rap,0,19,2017
Maintain (feat. NAV),3:36,Belly,Maintain (feat. NAV) - Single,Hip-Hop/Rap,0,19,2018
Faking It (feat. Kehlani & Lil Yachty) [Radio Edit],3:48,Calvin Harris,Faking It (feat. Kehlani & Lil Yachty) [Radio Edit] - Single,Dance,0,19,2017
Diplomatic Immunity,4:16,Drake,Diplomatic Immunity - Single,Hip-Hop/Rap,0,19,2018
Elevate,3:05,Drake,Scorpion,Hip-Hop/Rap,0,19,2018
Blue Tint,2:43,Drake,Scorpion,Hip-Hop/Rap,0,19,2018
Too Good (feat. Rihanna),4:23,Drake,Views,Hip-Hop/Rap,0,19,2016
Intro,1:47,J. Cole,KOD,Hip-Hop/Rap,0,19,2018
Once an Addict (Interlude),3:18,J. Cole,KOD,Hip-Hop/Rap,0,19,2018
Feel the Way I Do,3:23,The Jungle Giants,Feel the Way I Do - Single,Alternative,0,19,2017
Ghost Town (feat. PARTYNEXTDOOR),4:31,Kanye West,ye,Hip-Hop/Rap,0,19,2018
Don't Come Out the House (feat. 21 Savage),2:48,Metro Boomin,NOT ALL HEROES WEAR CAPES,Hip-Hop/Rap,0,19,2018
Seasons,4:02,"Mozzy, Sjava, Reason",Black Panther The Album Music From And Inspired By,Hip-Hop/Rap,0,19,2018
Icarus,3:12,R3HAB,Icarus - Single,Dance,0,19,2016
F**k It Off (feat. Chris Brown),2:28,Tee Grizzley,Activated,Hip-Hop/Rap,0,19,2018
outside,2:56,Travis Scott,Birds in the Trap Sing McKnight,Hip Hop/Rap,0,19,2016
Weird (Mixed),2:37,TV Noise,Martin Garrix Presents STMPD RCRDS (DJ Mix),Dance,0,19,2018
a lot,4:49,21 Savage,i am > i was,Hip-Hop/Rap,0,19,2018
Infatuated,3:32,Babylung,Look What You Did,Hip-Hop/Rap,0,18,2017
Gotta Get Away,3:02,The Black Keys,Turn Blue,Alternative,0,18,2014
Redemption (feat. Excision),4:03,Datsik,Sensei,Dance,0,18,2016
Wild Thoughts (feat. Rihanna & Bryson Tiller) [NOTD Dance Remix],3:10,DJ Khaled,Wild Thoughts (feat. Rihanna & Bryson Tiller) [NOTD Dance Remix] - Single,Dance,0,18,2017
God's Plan,3:19,Drake,Scorpion,Hip-Hop/Rap,0,18,2018
That's How You Feel,2:38,Drake,Scorpion,Hip-Hop/Rap,0,18,2018
Indian Summer,4:08,Jai Wolf,Indian Summer - Single,Electronic,0,18,2015
Big Shot,3:42,"Kendrick Lamar, Travis Scott",Black Panther The Album Music From And Inspired By,Hip-Hop/Rap,0,18,2018
Slow Down Love (feat. Chelsea Cutler),2:38,Louis The Child,Love Is Alive - EP,Electronica,0,18,2017
Fly (feat. Leah Culver),3:14,Marshmello,Fly (feat. Leah Culver) - Single,Dance,0,18,2018
Life & Death,3:09,Rezz & Deathpact,Certain Kind of Magic,Electronic,0,18,2018
Talk,2:45,Salvatore Ganacci,Talk - Single,Hip-Hop/Rap,0,18,2017
Show Me Love (feat. Kimberly Anne),3:27,Sam Feldt,Show Me Love (feat. Kimberly Anne) - Single,Dance,0,18,2015
go back in time,4:22,San Holo,album1,Electronic,0,18,2018
2 Vaults (feat. Lil Yachty),3:30,Tee Grizzley,Activated,Hip-Hop/Rap,0,18,2018
First Day Out (feat. Meek Mill) [Remix],3:10,Tee Grizzley,First Day Out (feat. Meek Mill) [Remix] - Single,Hip-Hop/Rap,0,18,2018
Watch (feat. Lil Uzi Vert & Kanye West),3:37,Travis Scott,Watch (feat. Lil Uzi Vert & Kanye West) - Single,Hip-Hop/Rap,0,18,2018
You Make Me,3:53,Avicii,TRUE,Dance,0,17,2013
Feel so Close (Radio Edit),3:26,Calvin Harris,18 Months,Dance,0,17,2011
Latch (feat. Sam Smith),4:16,Disclosure,Settle (Deluxe Version),Electronic,0,17,2012
Final Fantasy,3:40,Drake,Scorpion,Hip-Hop/Rap,0,17,2018
Heaven (feat. Veronica),3:15,Dzeko & Riggi & Piros,Heaven (feat. Veronica) - Single,Dance,0,17,2019
FRIENDS (feat. kiLL edward),4:18,J. Cole,KOD,Hip-Hop/Rap,0,17,2018
Window Pain (Outro),4:47,J. Cole,KOD,Hip-Hop/Rap,0,17,2018
Ye vs. the People (starring T.I. as the People),3:23,Kanye West,Ye vs. the People (starring T.I. as the People) - Single,Hip-Hop/Rap,0,17,2018
Don't Pretend (feat. SAFE),2:46,Khalid,Free Spirit,R&B/Soul,0,17,2019
Fire,2:21,KIDS SEE GHOSTS,KIDS SEE GHOSTS,Hip-Hop/Rap,0,17,2018
Reborn,5:25,KIDS SEE GHOSTS,KIDS SEE GHOSTS,Hip-Hop/Rap,0,17,2018
Kids See Ghosts (feat. Yasiin Bey),4:05,KIDS SEE GHOSTS,KIDS SEE GHOSTS,Hip-Hop/Rap,0,17,2018
Youngest Flexer (feat. Gucci Mane),3:19,Lil Pump,Lil Pump,Hip-Hop/Rap,0,17,2017
ID11 (Mixed),1:26,Rezz,Nightmare on REZZ Street (DJ Mix),Electronic,0,17,2018
ID9 (Mixed),1:16,Rezz & 13,Nightmare on REZZ Street (DJ Mix),Electronic,0,17,2018
Show Me Love (feat. Kimberly Anne) [EDX’s Indian Summer Radio Mix],3:00,Sam Feldt,Show Me Love (Remixes 2) [feat. Kimberly Anne] - Single,Dance,0,17,2015
Opps,3:01,"Vince Staples, Yugen Blakrok",Black Panther The Album Music From And Inspired By,Hip-Hop/Rap,0,17,2018
Redemption,3:42,"Zacari, Babes Wodumo",Black Panther The Album Music From And Inspired By,Hip-Hop/Rap,0,17,2018
Finest Hour (feat. Abir),3:36,Cash Cash,Finest Hour (feat. Abir) - Single,Dance,0,16,2018
This Feeling (feat. Kelsea Ballerini),3:18,The Chainsmokers,Sick Boy,Dance,0,16,2018
Be Right There,3:57,Diplo & Sleepy Tom,Be Right There - Single,Dance,0,16,2015
Is There More,3:47,Drake,Scorpion,Hip-Hop/Rap,0,16,2018
Close but Not Quite (feat. Sampha),3:29,Everything Is Recorded,Close but Not Quite - EP,Electronic,0,16,2017
Mirror (feat. Dion Timmer) [Kai Wachi Remix],3:53,Excision,Virus: The Remixes,Dance,0,16,2017
2 MUCH (feat. 24hrs),3:02,Flosstradamus,2 MUCH (feat. 24hrs) - Single,Dance,0,16,2018
Snackbox (Mixed),2:32,Ibranovski,Martin Garrix Presents STMPD RCRDS (DJ Mix),Dance,0,16,2018
Album of the Year (Freestyle),2:19,J. Cole,Album of the Year (Freestyle) - Single,Hip-Hop/Rap,0,16,2018
No Role Modelz,4:53,J. Cole,2014 Forest Hills Drive,Hip-Hop/Rap,0,16,2014
4th Dimension (feat. Louis Prima),2:33,KIDS SEE GHOSTS,KIDS SEE GHOSTS,Hip-Hop/Rap,0,16,2018
Reborn,5:25,KIDS SEE GHOSTS,KIDS SEE GHOSTS,Hip-Hop/Rap,0,16,2018
Stole the Show (feat. Parson James),3:43,Kygo,Cloud Nine,Dance,0,16,2015
Born to Be Yours,3:13,Kygo & Imagine Dragons,Born to Be Yours - Single,Dance,0,16,2018
FRIENDS,3:23,Marshmello & Anne-Marie,FRIENDS - Single,Pop,0,16,2018
Cocoon,4:15,Milky Chance,Blossom (Deluxe),Alternative,0,16,2016
No Type,3:20,Rae Sremmurd,SremmLife,Hip-Hop/Rap,0,16,2014
ID3 (Mixed),3:21,Rezz,Nightmare on REZZ Street (DJ Mix),Electronic,0,16,2018
ID12 (Mixed),3:08,Rezz,Nightmare on REZZ Street (DJ Mix),Electronic,0,16,2018
Since I Was Broke,2:54,Russ,Since I Was Broke - Single,Hip Hop/Rap,0,16,2018
Me You,2:44,Russ,There's Really A Wolf,Hip-Hop/Rap,0,16,2017
Everything (feat. Jacquees & Dreezy),4:29,Snoop Dogg,Everything (feat. Jacquees & Dreezy) - Single,Hip-Hop/Rap,0,16,2018
What You Heard,3:58,Sonder,What You Heard - Single,R&B/Soul,0,16,2019
HIGHEST IN THE ROOM,2:56,Travis Scott,HIGHEST IN THE ROOM - Single,Hip-Hop/Rap,0,16,2019
Deep Down Low,3:05,Valentino Khan,OWSLA Spring Compilation 2015,Dance,0,16,2015
Norf Norf,3:03,Vince Staples,Summertime '06,Hip-Hop/Rap,0,16,2015
Praise the Lord (Da Shine) [feat. Skepta],3:26,A$AP Rocky,TESTING,Hip-Hop/Rap,0,15,2018
REMEDY,3:10,Alesso,REMEDY - Single,Dance,0,15,2018
Look Alive (feat. Drake),3:01,BlocBoy JB,Simi,Hip-Hop/Rap,0,15,2018
Swervin (feat. 6ix9ine),3:09,A Boogie wit da Hoodie,Hoodie SZN,Hip-Hop/Rap,0,15,2018
Survival,2:16,Drake,Scorpion,Hip-Hop/Rap,0,15,2018
Sandra's Rose,3:36,Drake,Scorpion,Hip-Hop/Rap,0,15,2018
Nice For What,3:31,Drake,Scorpion,Hip-Hop/Rap,0,15,2018
"Runway (For Club Play Only, Pt. 5)",2:40,Duke Dumont,"Runway (For Club Play Only, Pt. 5) - Single",Dance,0,15,2018
Same Yung N***a (feat. Playboi Carti),3:01,Gunna,Drip or Drown 2,Hip-Hop/Rap,0,15,2019
Let Me Go (feat. Florida Georgia Line & watt),2:55,Hailee Steinfeld & Alesso,Let Me Go (feat. Florida Georgia Line & watt) - Single,Pop,0,15,2017
Free Lunch,3:12,Isaiah Rashad,The Sun's Tirade,Hip-Hop/Rap,0,15,2016
BRACKETS,5:16,J. Cole,KOD,Hip-Hop/Rap,0,15,2018
He,4:28,Jai Paul,Do You Love Her Now / He - Single,Pop,0,15,2019
I Am,3:29,Jorja Smith,Black Panther The Album Music From And Inspired By,Hip-Hop/Rap,0,15,2018
Dedication (feat. Kendrick Lamar),4:06,Nipsey Hussle,Victory Lap,Hip-Hop/Rap,0,15,2018
Flying Octopus,3:00,Rezz,Certain Kind of Magic,Electronic,0,15,2018
The Crazy Ones,3:52,Rezz & 13,Certain Kind of Magic,Electronic,0,15,2018
Sore Losers,5:16,Russ,Sore Losers - Single,Hip-Hop/Rap,0,15,2018
Recess,3:58,Skrillex,Recess,Dance,0,15,2014
Jackie Chan (feat. Preme & Post Malone),3:36,Tiësto & Dzeko,Jackie Chan (feat. Preme & Post Malone) - Single,Dance,0,15,2018
Escape (feat. Steph Jones),3:30,Tritonal,Painting With Dreams,House,0,15,2016
Staring At the Sun,4:25,Vanic,Staring At the Sun - Single,Electronic,0,15,2017
Hurt You,3:50,The Weeknd & Gesaffelstein,"My Dear Melancholy,",R&B/Soul,0,15,2018
Dimemories,4:35,Zeds Dead,Northern Lights,Dance,0,15,2016
Crazies,3:20,Black Tiger Sex Machine & Nate Husser,Welcome To Our Church,Dance,0,14,2016
One Kiss,3:35,"Calvin Harris, Dua Lipa",One Kiss - Single,Dance,0,14,2018
Promises,3:33,"Calvin Harris, Sam Smith",Promises - Single,Dance,0,14,2018
Like I Do,3:23,"David Guetta, Martin Garrix & Brooks",Like I Do - Single,Dance,0,14,2018
Complicated (feat. Kiiara),3:04,Dimitri Vegas & Like Mike & David Guetta,Complicated (feat. Kiiara) - Single,Dance,0,14,2017
All I Need,3:05,Dimitri Vegas & Like Mike & Gucci Mane,All I Need - Single,Dance,0,14,2018
White Noise (feat. AlunaGeorge),4:38,Disclosure,Settle (Deluxe Version),Electronic,0,14,2013
Little Bit (feat. Lykke Li),3:50,Drake,So Far Gone,Hip-Hop/Rap,0,14,2009
Over,3:54,Drake,Thank Me Later,Hip-Hop/Rap,0,14,2010
Hinode,3:28,Fakear,Morning in Japan (Deluxe Edition) - EP,Electronic,0,14,2017
Easy Go,3:11,Grandtheft & Delaney Jane,Easy Go - Single,Dance,0,14,2016
Babylon,4:53,Jauz & Tisoki,The Wise and the Wicked,Dance,0,14,2018
44 More,3:09,Logic,Bobby Tarantino II,Hip-Hop/Rap,0,14,2018
Yottabyte,3:30,Martin Garrix,Bylaw - EP,Dance,0,14,2018
Access,3:15,Martin Garrix,Bylaw - EP,Dance,0,14,2018
Down By the River,4:01,Milky Chance,Sadnecessary (Bonus Track Version),Alternative,0,14,2013
Freshman List,3:07,NAV,Freshman List - Single,Hip-Hop/Rap,0,14,2018
Bloom,3:16,ODESZA,In Return,Electronic,0,14,2014
Bap U,2:48,Party Favor,Bap U - Single,Dance,0,14,2014
Caskets (feat. FKi 1st),3:04,Party Favor & NJOMZA,Caskets (feat. FKi 1st) - Single,Dance,0,14,2017
Touchscreen Navigation (From Swaecation),3:18,"Rae Sremmurd, Swae Lee & Slim Jxmmi",SR3MM,R&B/Soul,0,14,2018
Spider On the Moon,3:35,Rezz,Certain Kind of Magic,Electronic,0,14,2018
ID6 (Mixed),1:19,Rezz,Nightmare on REZZ Street (DJ Mix),Electronic,0,14,2018
H E X,3:28,Rezz & 1788-L,Certain Kind of Magic,Electronic,0,14,2018
New Freezer (feat. Kendrick Lamar),3:12,Rich The Kid,The World Is Yours,Hip-Hop/Rap,0,14,2017
TAlk tO Me (feat. Lil Wayne) [Remix],4:09,Tory Lanez & Rich The Kid,TAlk tO Me (Remix) [feat. Lil Wayne] - Single,Hip-Hop/Rap,0,14,2018
Magnets (feat. Akylla),4:19,Zeds Dead & Snails,Magnets (feat. Akylla) - Single,Dance,0,14,2018
"FEFE (feat. Nicki Minaj, Murda Beatz)",2:59,6ix9ine,DUMMY BOY,Hip-Hop/Rap,0,14,2018
L$D,3:58,A$AP Rocky,AT.LONG.LAST.A$AP,Hip-Hop/Rap,0,13,2015
Bloody Waters,4:32,"Ab-Soul, Anderson .Paak, James Blake",Black Panther The Album Music From And Inspired By,Hip-Hop/Rap,0,13,2018
Get Yourself Together,3:57,The Black Keys,Let's Rock,Alternative,0,13,2019
Religion,5:36,Black Tiger Sex Machine & LeKtriQue,Religion - Single,Dance,0,13,2015
713,3:13,THE CARTERS,EVERYTHING IS LOVE,Hip-Hop/Rap,0,13,2018
Hope (feat. Winona Oak),3:00,The Chainsmokers,Sick Boy,Dance,0,13,2018
Hot Summer,3:51,DJ Durel & Migos,Hot Summer - Single,Hip-Hop/Rap,0,13,2018
Forever,5:57,"Drake, Kanye West, Lil Wayne & Eminem",More Than a Game (Music Inspired By the Film),Soundtrack,0,13,2009
Leaving (feat. Yuna),2:56,Ekali,Leaving (feat. Yuna) - Single,Electronic,0,13,2018
Jackson Pollock (feat. Cadence Weapon),2:23,Grandtheft,Jackson Pollock (feat. Cadence Weapon) - Single,Dance,0,13,2018
She Knows (feat. Just Chase),3:56,Grandtheft,She Knows (feat. Just Chase) - Single,Dance,0,13,2018
Heartless,3:31,Kanye West,808s & Heartbreak,Hip-Hop/Rap,0,13,2008
Cudi Montage,3:17,KIDS SEE GHOSTS,KIDS SEE GHOSTS,Hip-Hop/Rap,0,13,2018
Cudi Montage,3:17,KIDS SEE GHOSTS,KIDS SEE GHOSTS,Hip Hop/Rap,0,13,2018
Yottabyte,3:30,Martin Garrix,Yottabyte - Single,Dance,0,13,2018
Virus (How About Now) [Radio Edit],3:18,Martin Garrix & MOTi,Virus (How About Now) [Radio Edit] - Single,Pop,0,13,2014
Waiting for Tomorrow (feat. Mike Shinoda),4:08,Martin Garrix & Pierce Fulton,Bylaw - EP,Dance,0,13,2018
ID13 (Mixed),2:44,Rezz,Nightmare on REZZ Street (DJ Mix),Electronic,0,13,2018
We Rise,4:26,San Holo,We Rise - Single,Dance,0,13,2015
Mo Bamba,3:04,Sheck Wes,MUDBOY,Hip-Hop/Rap,0,13,2017
Superhuman (Spag Heddy Remix) [feat. Eric Leva],3:42,SLANDER,Superhuman (Spag Heddy Remix) [feat. Eric Leva) - Single,Dance,0,13,2017
Real Thing (feat. Future),4:03,Tory Lanez,Real Thing (feat. Future) - Single,Hip Hop/Rap,0,13,2017
808 (Mixed),2:28,TV Noise,Martin Garrix Presents STMPD RCRDS (DJ Mix),Dance,0,13,2018
A-Punk,2:18,Vampire Weekend,Vampire Weekend,Alternative,0,13,2008
Call Out My Name,3:48,The Weeknd,"My Dear Melancholy,",R&B/Soul,0,13,2018
PROUD (feat. YG & Offset),3:55,2 Chainz,The Play Don’t Care Who Makes It - EP,Hip-Hop/Rap,0,13,2018
out for the night,2:17,21 Savage,i am > i was,Hip-Hop/Rap,0,13,2018
"A$AP Forever (feat. Moby, T.I. & Kid Cudi)",5:16,A$AP Rocky,TESTING,Hip-Hop/Rap,0,12,2018
Wake Me Up,4:10,Avicii,TRUE,Dance,0,12,2013
Lo/Hi,2:57,The Black Keys,Lo/Hi - Single,Alternative,0,12,2019
Weight of Love,6:50,The Black Keys,Turn Blue,Alternative,0,12,2014
Sweet Nothing (feat. Florence Welch),3:34,Calvin Harris,18 Months,Dance,0,12,2012
You & Me (feat. Eliza Doolittle) [Flume Remix],4:43,Disclosure,Flume (Deluxe Edition),Electronic,0,12,2012
Don't Matter To Me,4:06,Drake & Michael Jackson,Scorpion,Hip-Hop/Rap,0,12,2018
IDWK (Loud Luxury Remix),2:55,DVBBS & blackbear,IDWK (Loud Luxury Remix) - Single,Dance,0,12,2018
Dog Days Are Over,4:13,Florence + the Machine,Lungs,Alternative,0,12,2008
Smoke & Retribution (feat. Vince Staples & Kučka),4:01,Flume,Skin,Electronic,0,12,2016
Part of Me (feat. AudioOpera),6:04,Getter,Visceral,Electronic,0,12,2018
4r Da Squaw,3:53,Isaiah Rashad,The Sun's Tirade,Hip-Hop/Rap,0,12,2016
In the Zone (feat. Example),3:16,Jauz,The Wise and the Wicked,Dance,0,12,2018
Fire,2:21,KIDS SEE GHOSTS,KIDS SEE GHOSTS,Hip-Hop/Rap,0,12,2018
Epsilon,6:05,Kygo,Epsilon - Single,House,0,12,2013
Chasing Fire (Robin Schulz Remix),3:38,Lauv,I met you when I was 18. (the extras),Pop,0,12,2018
There's No Way (feat. Julia Michaels),2:55,Lauv,There's No Way (feat. Julia Michaels) - Single,Pop,0,12,2018
Danger,3:35,Migos & Marshmello,Bright: The Album,Hip Hop/Rap,0,12,2017
Blossom,4:13,Milky Chance,Blossom (Deluxe),Alternative,0,12,2017
In My Head (feat. Georgia Ku),3:30,Party Favor,Party & Destroy - EP,Dance,0,12,2016
Suffer (feat. SKOTT),3:30,Petit Biscuit,Suffer / Safe - Single,Electronic,0,12,2018
16-Sep,4:10,Russ,September 16 - Single,Hip-Hop/Rap,0,12,2018
Tell Me Why,2:22,Russ,Tell Me Why - Single,Hip-Hop/Rap,0,12,2018
Down For Anything (feat. KARRA),2:34,Sam Feldt & MÖWE,Down For Anything (feat. KARRA) - Single,Dance,0,12,2018
lift me from the ground (feat. Sofie Winterson),4:21,San Holo,album1,Electronic,0,12,2018
Jettski Grizzley (feat. Lil Pump),2:43,Tee Grizzley,Activated,Hip-Hop/Rap,0,12,2018
Samurai (feat. Katy Tiz),3:22,Vanic,Samurai (feat. Katy Tiz) - Single,Dance,0,12,2016
Bad for Me,3:11,WHIPPED CREAM,Bad for Me - Single,Dance,0,12,2018
Beastmode (feat. Stoltenhoff),3:13,Yellow Claw,"Amsterdam Trap Music, Vol. 3 - EP",House,0,12,2018
Wedding Crashers (feat. Offset),3:50,Aminé,Good For You,Hip-Hop/Rap,0,11,2017
Go,2:27,The Black Keys,Let's Rock,Alternative,0,11,2019
Melt (Tasty) [Promise Land Remix] [Mixed],3:10,Blinders,Martin Garrix Presents STMPD RCRDS (DJ Mix),Dance,0,11,2018
Lynx (Mixed),3:23,Brooks,Martin Garrix Presents STMPD RCRDS (DJ Mix),Dance,0,11,2018
3 Nights,2:58,Dominic Fike,"Don't Forget About Me, Demos - EP",Alternative,0,11,2018
I'm Upset,3:34,Drake,Scorpion,Hip-Hop/Rap,0,11,2018
Peak,3:26,Drake,Scorpion,Hip-Hop/Rap,0,11,2018
Jaded,4:22,Drake,Scorpion,Hip-Hop/Rap,0,11,2018
Whistle,3:45,Flo Rida,Wild Ones,Hip-Hop/Rap,0,11,2012
"All Is Lost (feat. nothing,nowhere.)",5:06,Getter,mau5ville: Level 1,Dance,0,11,2018
Wit It,2:20,Gunna,Drip or Drown 2,Hip-Hop/Rap,0,11,2019
Without Me (ILLENIUM Remix),4:09,Halsey,Without Me (ILLENIUM Remix) - Single,Dance,0,11,2018
Deja Vu,4:26,J. Cole,4 Your Eyez Only,Hip-Hop/Rap,0,11,2016
Soldier,3:02,Jauz & Krewella,The Wise and the Wicked,Dance,0,11,2018
Chasing Shadows (Mixed),3:34,Justin Mylo,Martin Garrix Presents STMPD RCRDS (DJ Mix),Dance,0,11,2018
Happy Now,3:31,Kygo & Sandro Cavazza,Happy Now - Single,Dance,0,11,2018
Proxy,4:38,Martin Garrix,Gold Skies - EP,Dance,0,11,2014
Breach (Walk Alone),2:58,Martin Garrix & Blinders,Bylaw - EP,Dance,0,11,2018
Latency,3:24,Martin Garrix & Dyro,Bylaw - EP,Dance,0,11,2018
R.I.C.O. (feat. Drake),3:17,Meek Mill,Dreams Worth More Than Money,Hip-Hop/Rap,0,11,2015
ID10 (Mixed),3:53,Rezz,Nightmare on REZZ Street (DJ Mix),Electronic,0,11,2018
Light (Crankdat Re-Crank) [Mixed],1:33,San Holo,Marshmello Fortnite Extended Set (DJ Mix),Dance,0,11,2019
Childhood (Mixed),2:35,SLVR,Martin Garrix Presents STMPD RCRDS (DJ Mix),Dance,0,11,2018
Waste It on Me (feat. BTS),3:13,Steve Aoki,Neon Future III,Dance,0,11,2018
We Could Be Kings (feat. TZAR),3:13,Zeds Dead & DNMO,We Could Be Kings (feat. TZAR) - Single,Dance,0,11,2018
Faded,3:43,ZHU,THE NIGHTDAY - EP,Dance,0,11,2014
Cutting Ties,4:22,6LACK,Cutting Ties - Single,R&B/Soul,0,11,2018
Spice Girl,2:54,Aminé,Good For You,Hip-Hop/Rap,0,10,2017
Dope Game,3:39,Baka Not Nice,4Milli,Hip-Hop/Rap,0,10,2018
Every Little Thing,3:20,The Black Keys,Let's Rock,Alternative,0,10,2019
Baller (Mixed),2:46,CMC$ & Crossnaders,Martin Garrix Presents STMPD RCRDS (DJ Mix),Dance,0,10,2018
Thing For You,3:11,David Guetta & Martin Solveig,Thing For You - Single,Dance,0,10,2019
Hey Baby (feat. Deb's Daughter),3:11,Dimitri Vegas & Like Mike & Diplo,Hey Baby (feat. Deb's Daughter) - Single,Dance,0,10,2016
Where You Come From,4:00,Disclosure,Moonlight - EP,Electronic,0,10,2018
Take Care (feat. Rihanna),4:37,Drake,Take Care (Deluxe Version),Hip-Hop/Rap,0,10,2011
Lose It (feat. Vic Mensa),3:46,Flume,Skin,Electronic,0,10,2016
Fine China,2:22,Future & Juice WRLD,Future & Juice WRLD Present... WRLD ON DRUGS,Hip-Hop/Rap,0,10,2018
Outstanding,3:01,Gunna,Drip or Drown 2,Hip-Hop/Rap,0,10,2019
Cheezus,3:23,Habstrakt,My People - EP,Electronic,0,10,2015
Keeping,3:40,Izzard,Keeping,Electronic,0,10,2018
Disarm You (feat. Ilsey),3:41,Kaskade,Automatic,Dance,0,10,2015
Falling Down (Bonus Track),3:16,Lil Peep & XXXTENTACION,"Come Over When You're Sober, Pt. 2 (Bonus)",Hip-Hop/Rap,0,10,2018
Alright (feat. Big Sean),3:38,Logic,Under Pressure (Deluxe Version),Hip-Hop/Rap,0,10,2014
Love No More,2:49,Loud Luxury & anders,Love No More - Single,Dance,0,10,2018
Save Me from Myself,3:32,"Louis The Child, NoMBe & Big Gigantic",Kids At Play - EP,Electronic,0,10,2018
No Complaints (feat. Offset & Drake) [Bonus],4:25,Metro Boomin,NOT ALL HEROES WEAR CAPES,Hip-Hop/Rap,0,10,2017
Meet Me,3:13,Mickey Valen & noe,Meet Me - Single,Dance,0,10,2016
Stolen Dance,5:14,Milky Chance,Sadnecessary (Bonus Track Version),Alternative,0,10,2013
Heavey (Front Room Edit),4:21,Mom Tudie,Heavey (Front Room Edit) - Single,Jazz,0,10,2019
Firefly (feat. Nao),3:48,Mura Masa,Mura Masa,Electronic,0,10,2017
Loyal,3:28,ODESZA,Loyal - Single,Electronic,0,10,2017
ID2 (Mixed),1:40,Rezz,Nightmare on REZZ Street (DJ Mix),Electronic,0,10,2018
ID5 (Mixed),1:59,Rezz,Nightmare on REZZ Street (DJ Mix),Electronic,0,10,2018
brighter days,3:57,San Holo & Bipolar Sunshine,album1,Electronic,0,10,2018
Power is Power,3:31,SZA & The Weeknd & Travis Scott,For the Throne (Music Inspired by the HBO Series Game of Thrones),Pop,0,10,2019
Ride It (Mixed),2:17,Todd Helder,Martin Garrix Presents STMPD RCRDS (DJ Mix),Dance,0,10,2018
Dip,3:16,Tyga & Nicki Minaj,Dip - Single,Hip-Hop/Rap,0,10,2018
Lil Boat,3:01,88GLAM,88GLAM2,Hip-Hop/Rap,0,10,2018
"The Mattress REMIX (feat. A$AP Rocky, Playboi Carti, Rich The Kid & Famous Dex)",4:33,A$AP Ferg,Still Striving,Hip-Hop/Rap,0,9,2017
Wild for the Night (feat. Skrillex & Birdy Nam Nam),3:33,A$AP Rocky,LONG.LIVE.A$AP (Deluxe Version),Hip-Hop/Rap,0,9,2013
Invincible,3:16,Aminé,Spider-Man: Into the Spider-Verse (Soundtrack From & Inspired by the Motion Picture),Soundtrack,0,9,2018
Center of the Universe (Radio Edit),3:38,Axwell,Center of the Universe (Radio Edit) - Single,Dance,0,9,1980
Tep Tep,3:15,Baauer,Tep Tep - Single,Electronic,0,9,2018
Next Girl,3:18,The Black Keys,Brothers,Alternative,0,9,2010
Looking For Your Love,2:57,DallasK,Looking For Your Love - Single,Electronic,0,9,2018
Some Chords,7:23,deadmau5,4X4=12,Dance,0,9,2010
Sofi Needs a Ladder,6:42,deadmau5,4X4=12,Dance,0,9,2010
"Welcome to the Party (feat. Zhavia Ward) [From the ""Deadpool 2"" Original Motion Picture Soundtrack]",3:02,"Diplo, French Montana & Lil Pump","Welcome to the Party (feat. Zhavia Ward) [From the ""Deadpool 2"" Original Motion Picture Soundtrack] - Single",Soundtrack,0,9,2018
Try Not to Love You (feat. Matluck) [Mixed],3:38,Dzeko & Aspyer,Martin Garrix Presents STMPD RCRDS (DJ Mix),Dance,0,9,2018
No Stylist (feat. Drake),3:12,French Montana,No Stylist - Single,Hip-Hop/Rap,0,9,2018
Made for You (Alone Again),4:43,Getter,Visceral,Electronic,0,9,2018
Genesis,4:15,Grimes,Visions,Electronic,0,9,2012
Remember,3:42,Gryffin & ZOHARA,Remember - Single,Dance,0,9,2018
Photograph,3:39,J. Cole,KOD,Hip-Hop/Rap,0,9,2018
My Bad,2:44,Khalid,Free Spirit,R&B/Soul,0,9,2019
Breathe,3:58,Lauv,I met you when I was 18. (the playlist),Pop,0,9,2016
1-800-273-8255 (feat. Alessia Cara & Khalid),4:10,Logic,Everybody,Hip-Hop/Rap,0,9,2017
All on You (Mixed),1:52,LOOPERS,Martin Garrix Presents STMPD RCRDS (DJ Mix),Dance,0,9,2018
"Tied Up (feat. Mr Eazi, RAYE & Jake Gosling)",3:07,Major Lazer,"Tied Up (feat. Mr Eazi, RAYE & Jake Gosling) - Single",Electronic,0,9,2018
Mystery (Mixed),2:40,Matisse & Sadko,Martin Garrix Presents STMPD RCRDS (DJ Mix),Dance,0,9,2018
Ego,3:52,Milky Chance,Blossom (Deluxe),Alternative,0,9,2017
Shoota (feat. Lil Uzi Vert),2:34,Playboi Carti,Die Lit,Hip-Hop/Rap,0,9,2018
ID1 (Mixed),1:35,Rezz,Nightmare on REZZ Street (DJ Mix),Electronic,0,9,2018
ID8 (Mixed),3:29,Rezz,Nightmare on REZZ Street (DJ Mix),Electronic,0,9,2018
always on my mind (feat. James Vincent McMorrow & Yvette Young),3:41,San Holo,album1,Electronic,0,9,2018
Like That (Mixed),4:06,Silque,Martin Garrix Presents STMPD RCRDS (DJ Mix),Dance,0,9,2018
100 (feat. Symphonic),3:28,Vini Vici & Timmy Trumpet,100 (feat. Symphonic) - Single,Dance,0,9,2018
In the Night,3:56,The Weeknd,Beauty Behind the Madness,R&B/Soul,0,9,2015
When I'm Down,2:45,Whethan & Oliver Tree,When I'm Down - Single,Electronic,0,9,2016
"F**kin' Problems (feat. Drake, 2 Chainz & Kendrick Lamar)",3:54,A$AP Rocky,LONG.LIVE.A$AP (Deluxe Version),Hip-Hop/Rap,0,8,2013
Crash 2.0 (Adventure Club vs. DallasK),4:15,Adventure Club & DallasK,Red // Blue,Dance,0,8,2016
Badman (Torro Torro Remix),3:53,Autoerotique & Max Styler,Badman (Remixes) - EP,Dance,0,8,2015
Dancing Alone,4:14,Axwell Λ Ingrosso & RØMANS,Dancing Alone - Single,Dance,0,8,2018
MIA (feat. Drake),3:30,Bad Bunny,MIA (feat. Drake) - Single,Latino,0,8,2018
The Street (Mixed),3:27,Bart B More,Martin Garrix Presents STMPD RCRDS (DJ Mix),Dance,0,8,2018
Gold On the Ceiling,3:44,The Black Keys,El Camino,Alternative,0,8,2011
Under The Gun,3:16,The Black Keys,Let's Rock,Alternative,0,8,2019
Zombie (feat. Panther),3:21,Black Tiger Sex Machine,New Worlds,Dance,0,8,2018
Drama Free (feat. Lights) [Chris Lorenzo Remix],3:32,deadmau5,mau5ville: Level 2,Dance,0,8,2018
Raise Your Weapon,8:23,deadmau5,4X4=12,Dance,0,8,2010
Melody (Radio Mix),3:43,"Dimitri Vegas & Like Mike, Steve Aoki & Ummet Ozcan",Melody (Radio Mix) - Single,Dance,0,8,2016
Successful (feat. Trey Songz & Lil Wayne),6:15,Drake,So Far Gone,Hip-Hop/Rap,0,8,2009
Bring It Down (Mixed),2:38,Dyro,Martin Garrix Presents STMPD RCRDS (DJ Mix),Dance,0,8,2018
Drummacine (Mixed),2:15,LOOPERS,Martin Garrix Presents STMPD RCRDS (DJ Mix),Dance,0,8,2018
Blow That Smoke (feat. Tove Lo),3:43,Major Lazer,Blow That Smoke (feat. Tove Lo) - Single,Pop,0,8,2018
The Only Way Is Up (Radio Edit),3:09,Martin Garrix & Tiësto,The Only Way Is Up - Single,Dance,0,8,2015
Going Bad (feat. Drake),3:01,Meek Mill,Championships,Hip-Hop/Rap,0,8,2018
Baller (feat. Georgie Keller) [Mixed],3:24,Osrin & Tom Martin,Martin Garrix Presents STMPD RCRDS (DJ Mix),Dance,0,8,2018
Lonely (feat. The Rigs),3:31,Rezz,Beyond the Senses - EP,Electronic,0,8,2019
ID4 (Mixed),1:18,Rezz,Nightmare on REZZ Street (DJ Mix),Electronic,0,8,2018
ID7 (Mixed),3:02,Rezz,Nightmare on REZZ Street (DJ Mix),Electronic,0,8,2018
surface (feat. Caspian),6:02,San Holo,album1,Electronic,0,8,2018
Gold Skies (feat. Aleesia),5:28,"Sander van Doorn, Martin Garrix & DVBBS",Gold Skies - EP,Dance,2,8,2014
The Less I Know the Better,3:39,Tame Impala,Currents,Alternative,0,8,2015
Big Fish,3:18,Vince Staples,Big Fish Theory,Hip-Hop/Rap,0,8,2017
Chakra,3:23,W&W & Vini Vici,Chakra - Single,Dance,0,8,2017
Chanel (Go Get It) [feat. Gunna & Lil Baby],3:22,Young Thug,Slime Language,Hip-Hop/Rap,0,8,2018
Air For Life,7:28,Above & Beyond,Tri-State,Dance,0,7,2005
Faded (Tungevaag & Raaban Remix),4:12,Alan Walker,Faded (Remixes) - EP,Dance,0,7,2016
BLACKJACK,1:57,Aminé,ONEPOINTFIVE,Hip-Hop/Rap,0,7,2018
Lonely Boy,3:13,The Black Keys,El Camino,Alternative,0,7,2011
Lo/Hi,2:58,The Black Keys,Let's Rock,Alternative,0,7,2019
Tell Me Lies,3:40,The Black Keys,Let's Rock,Alternative,0,7,2019
Burnin,3:55,Calvin Harris & R3HAB,Motion,Dance,0,7,2014
Monophobia (feat. Rob Swire),3:35,deadmau5,mau5ville: Level 1,Dance,0,7,2018
Stampede,4:17,"Dimitri Vegas & Like Mike, DVBBS & Borgeous",We Were Young,Dance,0,7,2013
Omertà,3:40,Drake,The Best In The World Pack - Single,Hip-Hop/Rap,0,7,2019
14-Mar,5:10,Drake,Scorpion,Hip-Hop/Rap,0,7,2018
IDWK,3:00,DVBBS & blackbear,IDWK - Single,Dance,0,7,2018
Numb (feat. Allan Kingdom),4:59,Getter,Visceral,Electronic,0,7,2018
Something Like,4:17,Good Times Ahead,mau5ville: Level 1,Dance,0,7,2018
3 Headed Snake (feat. Young Thug),4:02,Gunna,Drip or Drown 2,Hip-Hop/Rap,0,7,2019
About You,3:26,Habstrakt,About You - Single,Electronic,0,7,2018
Vibin,3:15,Habstrakt,Vibin - Single,Electronic,0,7,2018
Work Out,3:55,J. Cole,Cole World: The Sideline Story,R&B/Soul,0,7,2011
Wet Dreamz,3:59,J. Cole,2014 Forest Hills Drive,Hip-Hop/Rap,0,7,2014
Missing You,3:52,Kaskade & School of Seven Bells,Atmosphere (Deluxe Version),Dance,0,7,2013
Self,3:50,Khalid,Free Spirit,R&B/Soul,0,7,2019
Memories (feat. Sirah),5:05,KSHMR & Bassjackers,Memories (feat. Sirah) - Single,Dance,0,7,2015
Error 404,5:34,Martin Garrix & Jay Hardway,Error 404 - Single,Dance,0,7,2013
Only You (feat. Wizkid & Offset),3:39,Metro Boomin & J Balvin,NOT ALL HEROES WEAR CAPES,Hip-Hop/Rap,0,7,2018
Doing Good,4:11,Milky Chance,Blossom (Deluxe),Alternative,0,7,2017
Dark Age,3:42,Rezz,Beyond the Senses - EP,Electronic,0,7,2019
love (wip) [feat. Cassini],4:23,San Holo,album1,Electronic,0,7,2018
Light,4:00,San Holo,Light - Single,Dance,0,7,2016
forever free,6:22,San Holo & Duskus,album1,Electronic,0,7,2018
Nah Tell Dem,3:05,"Sanjin, Walshy Fire & Salvatore Ganacci",Nah Tell Dem - Single,Reggae,0,7,2016
First of the Year (Equinox),4:22,Skrillex,More Monsters and Sprites,Dance,0,7,2011
Freaky,2:54,Tory Lanez,Freaky - Single,Hip-Hop/Rap,0,7,2019
Goh (feat. KLP),3:36,What So Not & Skrillex,Not All the Beautiful Things,Dance,0,7,2018
Tints (feat. Kendrick Lamar),4:28,Anderson .Paak,Tints (feat. Kendrick Lamar) - Single,Hip-Hop/Rap,0,6,2018
King James,3:18,Anderson .Paak,Ventura,R&B/Soul,0,6,2019
SOS (feat. Aloe Blacc),2:37,Avicii,SOS (feat. Aloe Blacc) - Single,Dance,0,6,2019
Little Black Submarines,4:11,The Black Keys,El Camino,Alternative,0,6,2011
Walk Across The Water,3:56,The Black Keys,Let's Rock,Alternative,0,6,2019
Sit Around And Miss You,2:41,The Black Keys,Let's Rock,Alternative,0,6,2019
Fever,4:06,The Black Keys,Turn Blue,Alternative,0,6,2014
Magic Trick (feat. Juicy J),2:53,Borgore,Magic Trick (feat. Juicy J) - Single,Dance,0,6,2016
"No Brainer (feat. Justin Bieber, Chance the Rapper & Quavo)",4:20,DJ Khaled,"No Brainer (feat. Justin Bieber, Chance the Rapper & Quavo) - Single",Hip-Hop/Rap,0,6,2018
Say What's Real,3:51,Drake,So Far Gone,Hip-Hop/Rap,0,6,2009
Forgot How To Dream (feat. K.Flay),2:56,Ekali,Forgot How To Dream (feat. K.Flay) - Single,Electronic,0,6,2018
Crushed Up,2:30,Future,Future Hndrxx Presents: The WIZRD,Hip-Hop/Rap,0,6,2019
Crashing (feat. Bahari),3:50,Illenium,Crashing (feat. Bahari) - Single,Dance,0,6,2019
Wat's Wrong (feat. Zacari & Kendrick Lamar),5:31,Isaiah Rashad,The Sun's Tirade,Hip-Hop/Rap,0,6,2016
Better,3:49,Khalid,Free Spirit,R&B/Soul,0,6,2018
Think About You (feat. Valerie Broussard) [Galantis Remix],3:01,Kygo,Think About You (feat. Valerie Broussard) [Galantis Remix] - Single,Dance,0,6,2019
Carry On (From “POKÉMON Detective Pikachu”),3:35,Kygo & Rita Ora,Carry On (From “POKÉMON Detective Pikachu”) - Single,Dance,0,6,2019
Sanguine Paradise,4:04,Lil Uzi Vert,Sanguine Paradise - Single,Hip-Hop/Rap,0,6,2019
Falling (Whethan Redo),3:10,Opia & Whethan,Falling (Whethan Redo) - Single,Electronic,0,6,2016
Intro (Mixed),1:38,Rezz,Nightmare on REZZ Street (DJ Mix),Electronic,0,6,2018
Lifestyle (feat. Young Thug & Rich Homie Quan),4:30,Rich Gang,Lifestyle (feat. Young Thug & Rich Homie Quan) - Single,Hip-Hop/Rap,0,6,2014
Show Me (feat. DallasK),3:00,Tiësto,"Club Life, Vol. 4 - New York City",Dance,0,6,2015
Rotator (Mixed),4:21,VAN DUO,Martin Garrix Presents STMPD RCRDS (DJ Mix),Dance,0,6,2018
Ghost Voices,4:26,Virtual Self,Virtual Self - EP,Electronic,0,6,2017
Blinding Lights,3:22,The Weeknd,Blinding Lights - Single,R&B/Soul,0,6,2019
Let Me Take You (feat. Jeremih),2:49,Whethan,Let Me Take You (feat. Jeremih) - Single,Electronic,0,6,2019
Too Many Gods,2:30,A$AP Rocky & Joey Bada$$,For the Throne (Music Inspired by the HBO Series Game of Thrones),Hip-Hop/Rap,0,5,2019
Fire Walk With Me,2:58,The Black Keys,Let's Rock,Alternative,0,5,2019
Toca (feat. Timmy Trumpet & KSHMR),3:41,Carnage,Toca (feat. Timmy Trumpet & KSHMR) - Single,Dance,0,5,2015
X's (feat. Icona Pop) [Mixed],3:27,CMC$ & GRX,Martin Garrix Presents STMPD RCRDS (DJ Mix),Dance,0,5,2018
The House of House,4:27,"Dimitri Vegas & Like Mike, Vini Vici & Cherry Moon Trax",The House of House - Single,Dance,0,5,2018
The Other,3:09,Lauv,I met you when I was 18. (the playlist),Pop,0,5,2015
Love No More (Fedde Le Grand Remix),2:46,Loud Luxury & anders,Love No More (Fedde Le Grand Remix) - Single,Dance,0,5,2018
Nightshade,3:01,The Lumineers,For the Throne (Music Inspired by the HBO Series Game of Thrones),Alternative,0,5,2019
Forbidden Voices,3:47,Martin Garrix,Forbidden Voices - Single,Dance,0,5,2015
Radio Silence (Ryan Riback Remix),2:57,R3HAB & Jocelyn Alice,Radio Silence (Ryan Riback Remix) - Single,Dance,0,5,2018
Falling,3:29,Rezz & Underoath,Beyond the Senses - EP,Electronic,0,5,2019
Gin and Juice (feat. Dat N***a Daz),3:31,Snoop Dogg,Doggystyle,Hip-Hop/Rap,0,5,1993
Ten Seconds Before Sunrise,7:31,Tiësto,Elements of Life,Dance,0,5,2007
Gaia,3:15,"Vini Vici, Blastoyz & Jean Marie",Gaia - Single,Dance,0,5,2018
Darkside (feat. Au/Ra & Tomine Harket),3:32,Alan Walker,Darkside (feat. Au/Ra & Tomine Harket) - Single,Dance,0,4,2018
Different World (feat. CORSAK),3:23,"Alan Walker, K-391 & Sofia Carson",Different World (feat. CORSAK) - Single,Dance,0,4,2018
Great Spirit (feat. Hilight Tribe) [Extended Mix],7:38,Armin van Buuren & Vini Vici,Great Spirit (feat. Hilight Tribe) - Single,Dance,0,4,2016
Great Spirit (feat. Hilight Tribe) [Extended Mix],7:38,Armin van Buuren & Vini Vici,Tomorrowland 2017: Amicorum Spectaculum,Dance,0,4,2016
Armada,3:42,Black Tiger Sex Machine & LeKtriQue,Welcome To Our Church,Dance,0,4,2016
Siren,2:54,The Chainsmokers & Aazar,Sick Boy,Dance,0,4,2018
Magnets (feat. Lorde),3:19,Disclosure,Caracal (Deluxe),Electronic,0,4,2015
I'm Upset,3:34,Drake,Scorpion,Hip-Hop/Rap,0,4,2018
November 18th,3:08,Drake,So Far Gone,Hip-Hop/Rap,0,4,2009
Best I Ever Had,4:18,Drake,So Far Gone,Hip-Hop/Rap,0,4,2009
Feel the Love (feat. Pusha T),2:45,KIDS SEE GHOSTS,KIDS SEE GHOSTS,Hip-Hop/Rap,0,4,2018
I'm Not Alright,3:05,Loud Luxury & Bryce Vine,I'm Not Alright - Single,Dance,0,4,2019
Wild Roses,4:03,Of Monsters and Men,FEVER DREAM,Alternative,0,4,2019
Go to Mars (feat. Tee Grizzley),2:32,PnB Rock,TrapStar Turnt PopStar,Hip-Hop/Rap,0,4,2019
Up All Night (feat. Fiora),2:42,R3HAB & MOTi,Up All Night (feat. Fiora) - Single,Dance,0,4,2018
Kiss of Death,3:20,Rezz & Deathpact,Beyond the Senses - EP,Electronic,0,4,2019
Your Soul Will Never Be Released,2:35,Rezz & Sayer,Beyond the Senses - EP,Electronic,0,4,2019
everything matters (when it comes to you),5:36,San Holo,album1,Electronic,0,4,2018
Memories,3:54,San Holo,Cosmos - EP,Electronic,0,4,2014
One Thing,3:54,San Holo,One Thing - Single,Dance,0,4,2017
Fts (Original),5:29,Showtek,Reverze 2013,Dance,0,4,2007
Ragga Bomb,4:19,Skrillex,Recess,Dance,0,4,2014
Elephant,3:31,Tame Impala,Lonerism,Alternative,0,4,2012
Superlove (feat. Oh Wonder),3:05,Whethan,Superlove (feat. Oh Wonder) - Single,Electronic,0,4,2018
United (feat. Zafrir),3:37,"Armin van Buuren, Vini Vici & Alok",United (feat. Zafrir) - Single,Dance,0,3,2018
The Grave,5:32,Black Tiger Sex Machine & Apashe,The Grave - Single,Dance,0,3,2014
Forbes,3:26,Borgore & G-Eazy,Forbes - Single,Dance,0,3,2015
Who Do You Love,3:47,The Chainsmokers & 5 Seconds of Summer,World War Joy,Dance,0,3,2019
Houstatlantavegas,4:51,Drake,So Far Gone,Hip-Hop/Rap,0,3,2009
homebody,3:09,Kamal.,Homebody - Single,R&B/Soul,0,3,2020
Karate,3:30,R3HAB & KSHMR,Karate (Mixes) - Single,Dance,0,3,2014
voices in my head (feat. The Nicholas),4:52,San Holo,album1,Electronic,0,3,2018
KeeP IN tOUcH  (feat. Bryson Tiller),3:19,Tory Lanez,KeeP IN tOUcH  (feat. Bryson Tiller) - Single,R&B/Soul,0,3,2018
Too Soon (feat. Maty Noyes),3:56,Vanic,Too Soon (feat. Maty Noyes) - Single,Dance,0,3,2017
Heartless,3:18,The Weeknd,After Hours (Deluxe),R&B/Soul,0,3,2019
First Class (feat. Gunna),3:11,Blueface,Find the Beat,Hip-Hop/Rap,0,2,2019
Squad (feat. Dahn Farro),4:42,Borgore & Getter,Keep It Sexy - EP,Dance,0,2,2015
Under the Sun (feat. DaBaby),3:22,"Dreamville, J. Cole & Lute",Revenge of the Dreamers III,Hip-Hop/Rap,0,2,2019
Sadness is a Shade of Blue,3:38,Låpsley,Through Water,Electronic,0,2,2020
Used To Love,3:57,Martin Garrix & Dean Lewis,Used To Love - Single,Dance,0,2,2019
Be Somebody (feat. Kiiara),3:18,Steve Aoki & Nicky Romero,Be Somebody (feat. Kiiara) - Single,Dance,0,2,2018
SKELETONS,2:26,Travis Scott,ASTROWORLD,Hip-Hop/Rap,0,2,2018
The Tribe,7:48,Vini Vici,Future Classics,Trance,0,2,2015
Wigs (feat. Asian Doll),3:41,A$AP Ferg,Wigs (feat. Asian Doll) - Single,Hip-Hop/Rap,0,1,2019
Great Spirit (feat. Hilight Tribe),3:36,Armin van Buuren & Vini Vici,Great Spirit (feat. Hilight Tribe) - Single,Dance,0,1,2015
Breaking Down,3:25,The Black Keys,Let's Rock,Alternative,0,1,2019
Algorhythm,3:32,Childish Gambino,3.15.20,Hip-Hop/Rap,0,1,2020
Time,6:07,Childish Gambino,3.15.20,Pop,0,1,2020
Friends (feat. Reo Cragun),3:44,Flume,Friends (feat. Reo Cragun) - Single,Electronic,0,1,2019
No Limit (feat. A$AP Rocky & Cardi B),4:05,G-Eazy,The Beautiful & Damned,Hip-Hop/Rap,0,1,2017
Know Your Worth,3:01,Khalid & Disclosure,Know Your Worth - Single,R&B/Soul,0,1,2020
Bean (Kobe) [feat. Chief Keef],3:59,Lil Uzi Vert,Eternal Atake (Deluxe) - LUV vs. The World 2,Hip-Hop/Rap,0,1,2020
Stress,3:21,Rezz & EDDIE,Beyond the Senses - EP,Electronic,0,1,2019
Too Fast,4:56,Sonder,Into,R&B/Soul,0,1,2017
Too Late,4:00,The Weeknd,After Hours,R&B/Soul,0,1,2020
Gemini (feat. George Maple),4:30,What So Not,Gemini (feat. George Maple) - Single,Dance,0,1,2015
Savage (feat. Flux Pavilion & MAX),3:25,Whethan,Savage (feat. Flux Pavilion & MAX) - Single,Electronic,0,1,2016
Mememe,2:21,bbno$ & Lentra,Mememe - Single,Hip-Hop/Rap,0,,2020
Don't,3:18,Bryson Tiller,T R A P S O U L,R&B/Soul,0,,2015
12.38,6:32,Childish Gambino,3.15.20,Hip-Hop/Rap,0,,2020
Cardigan,2:39,Don Toliver,Heaven Or Hell,Hip-Hop/Rap,0,,2020
Delete Forever,3:57,Grimes,Delete Forever - Single,Electronic,0,,2020
WHATS POPPIN,2:20,Jack Harlow,WHATS POPPIN - Single,Hip-Hop/Rap,0,,2020
OUT WEST (feat. Young Thug),2:38,JACKBOYS & Travis Scott,JACKBOYS,Hip-Hop/Rap,0,,2019
decline,2:18,Kamal.,Two Missed Calls - Single,R&B/Soul,0,,2019
smilingdownthephone,3:23,Kamal.,Two Missed Calls - Single,R&B/Soul,0,,2019
Always Be Gangsta Freestyle,3:19,Kevin Gates,Always Be Gangsta Freestyle - Single,Hip-Hop/Rap,0,,2020
Falling Short,3:30,Låpsley,Understudy - EP,Electronic,0,,2015
All Star (feat. Lil Tjay),3:00,Lil Tecca,All Star (feat. Lil Tjay) - Single,Hip-Hop/Rap,0,,2020
Myron,3:45,Lil Uzi Vert,Eternal Atake (Deluxe) - LUV vs. The World 2,Hip-Hop/Rap,0,,2020
One More Year,5:22,Tame Impala,The Slow Rush,Alternative,0,,2020
K Lo K (feat. Fivio Foreign),3:05,Tory Lanez,K Lo K (feat. Fivio Foreign) - Single,Hip-Hop/Rap,0,,2020
W,1:53,Tory Lanez,W - Single,Hip-Hop/Rap,0,,2020
Dressed in White,3:03,TS Graye,Dressed in White - Single,Pop,0,,2020
Alone Again,4:10,The Weeknd,After Hours,R&B/Soul,0,,2020
Snowchild,4:07,The Weeknd,After Hours,R&B/Soul,0,,2020
Heartless,3:18,The Weeknd,After Hours,R&B/Soul,0,,2020
In Your Eyes,3:58,The Weeknd,After Hours,R&B/Soul,0,,2020
All In My Head (feat. grandson),2:28,Whethan,All In My Head (feat. grandson) - Single,Alternative,0,,2020